frame_index,timestamp_sec,track_id,vehicle_class,confidence,bbox_x1,bbox_y1,bbox_x2,bbox_y2,crossed_line,counted
0,0.0,1,car,0.25880417227745056,153,1,233,27,False,False
1,0.03336666666666667,1,car,0.2586928606033325,153,1,233,27,False,False
4,0.13346666666666668,2,car,0.4679044485092163,613,2,653,26,False,False
5,0.16683333333333333,2,car,0.44568613171577454,611,2,654,28,False,False
6,0.20020000000000002,2,car,0.3645095229148865,609,2,654,30,False,False
7,0.23356666666666667,2,car,0.4661615192890167,606,1,655,32,False,False
8,0.26693333333333336,2,car,0.46123042702674866,605,2,656,34,False,False
9,0.3003,2,car,0.4382288455963135,602,1,659,37,False,False
9,0.3003,5,car,0.625249981880188,679,1,721,35,False,False
10,0.33366666666666667,2,car,0.5052439570426941,600,1,658,39,False,False
10,0.33366666666666667,5,car,0.7249338626861572,678,2,722,37,False,False
11,0.3670333333333333,2,car,0.4212847650051117,598,2,658,41,False,False
11,0.3670333333333333,5,car,0.7170379161834717,677,2,723,39,False,False
12,0.40040000000000003,2,car,0.478952556848526,598,3,658,43,False,False
12,0.40040000000000003,5,car,0.5373358726501465,677,2,725,41,False,False
13,0.4337666666666667,2,car,0.5199747085571289,597,5,656,45,False,False
13,0.4337666666666667,5,car,0.5577192902565002,678,6,724,43,False,False
14,0.46713333333333334,2,car,0.49846407771110535,597,7,655,47,False,False
14,0.46713333333333334,5,car,0.46628308296203613,680,10,724,45,False,False
15,0.5005000000000001,2,car,0.41926249861717224,595,10,653,50,False,False
15,0.5005000000000001,5,car,0.5350550413131714,680,12,724,48,False,False
16,0.5338666666666667,2,car,0.5345877408981323,594,12,651,52,False,False
16,0.5338666666666667,5,car,0.5864765644073486,679,13,726,50,False,False
17,0.5672333333333334,2,car,0.5973493456840515,592,14,649,55,False,False
17,0.5672333333333334,5,car,0.49928125739097595,681,19,724,53,False,False
18,0.6006,2,car,0.6515302658081055,591,16,648,58,False,False
18,0.6006,5,car,0.6568693518638611,680,20,725,55,False,False
19,0.6339666666666667,2,car,0.7011857628822327,592,20,647,60,False,False
19,0.6339666666666667,5,car,0.5844628214836121,680,22,726,59,False,False
20,0.6673333333333333,2,car,0.8012876510620117,591,21,646,62,False,False
20,0.6673333333333333,5,car,0.5179608464241028,682,24,727,61,False,False
21,0.7007,2,car,0.8481296896934509,590,23,646,65,False,False
21,0.7007,5,car,0.6246243715286255,683,26,729,63,False,False
22,0.7340666666666666,2,car,0.8268261551856995,589,23,646,67,False,False
22,0.7340666666666666,5,car,0.6527771353721619,683,25,732,65,False,False
23,0.7674333333333333,2,car,0.7606821060180664,589,24,647,69,False,False
23,0.7674333333333333,5,car,0.693113386631012,682,27,733,69,False,False
24,0.8008000000000001,2,car,0.7462448477745056,587,28,646,74,False,False
24,0.8008000000000001,5,car,0.7077116370201111,682,30,734,72,False,False
25,0.8341666666666667,2,car,0.703977108001709,586,31,644,78,False,False
25,0.8341666666666667,5,car,0.8009952902793884,683,33,734,75,False,False
26,0.8675333333333334,2,car,0.7055259943008423,583,33,644,82,False,False
26,0.8675333333333334,5,car,0.7691360116004944,682,36,735,79,False,False
26,0.8675333333333334,15,car,0.4567175507545471,611,0,653,22,False,False
27,0.9009,2,car,0.7442710995674133,581,36,643,87,False,False
27,0.9009,5,car,0.7803727984428406,681,38,736,84,False,False
27,0.9009,15,car,0.47256025671958923,611,1,653,23,False,False
28,0.9342666666666667,2,car,0.6508963704109192,579,39,642,92,False,False
28,0.9342666666666667,5,car,0.8638075590133667,681,41,737,88,False,False
28,0.9342666666666667,15,car,0.5853251814842224,610,1,653,24,False,False
28,0.9342666666666667,19,car,0.31049367785453796,679,1,717,34,False,False
29,0.9676333333333333,2,car,0.6273206472396851,577,43,639,96,False,False
29,0.9676333333333333,5,car,0.7998600006103516,683,44,739,92,False,False
29,0.9676333333333333,15,car,0.6076731085777283,608,1,653,25,False,False
30,1.0010000000000001,2,car,0.5719597339630127,574,45,639,102,False,False
30,1.0010000000000001,5,car,0.8454421162605286,683,47,741,96,False,False
30,1.0010000000000001,15,car,0.5661056637763977,606,1,654,27,False,False
31,1.0343666666666667,2,car,0.4823891818523407,569,49,637,107,False,False
31,1.0343666666666667,5,car,0.7792110443115234,683,50,743,102,False,False
31,1.0343666666666667,15,car,0.5085000991821289,604,1,655,29,False,False
32,1.0677333333333334,2,car,0.6762875318527222,569,52,636,110,False,False
32,1.0677333333333334,5,car,0.8146239519119263,683,54,745,107,False,False
32,1.0677333333333334,15,car,0.474113792181015,603,1,656,30,False,False
33,1.1011,2,car,0.6492804884910583,565,57,636,118,False,False
33,1.1011,5,car,0.8214909434318542,683,58,745,112,False,False
33,1.1011,15,car,0.43968215584754944,601,1,657,32,False,False
34,1.1344666666666667,2,car,0.6818956732749939,562,60,635,124,False,False
34,1.1344666666666667,5,car,0.7803583741188049,683,62,748,118,False,False
34,1.1344666666666667,15,car,0.5008913278579712,598,0,656,33,False,False
35,1.1678333333333333,2,car,0.8061501979827881,558,64,634,131,False,False
35,1.1678333333333333,5,car,0.7965996265411377,684,66,749,123,False,False
35,1.1678333333333333,15,car,0.613120973110199,597,1,657,35,False,False
35,1.1678333333333333,35,car,0.5694131851196289,781,30,838,83,False,False
36,1.2012,2,car,0.8278722167015076,556,68,633,137,False,False
36,1.2012,5,car,0.829984188079834,684,71,751,130,False,False
36,1.2012,15,car,0.6398599147796631,595,1,657,38,False,False
36,1.2012,35,car,0.5817463397979736,782,33,842,88,False,False
36,1.2012,36,car,0.5125292539596558,751,1,789,20,False,False
37,1.2345666666666666,2,car,0.8236569762229919,552,73,632,145,False,False
37,1.2345666666666666,5,car,0.82675701379776,684,75,753,136,False,False
37,1.2345666666666666,15,car,0.6394486427307129,593,1,657,40,False,False
37,1.2345666666666666,35,car,0.785460352897644,785,36,846,92,False,False
37,1.2345666666666666,36,car,0.4435310661792755,751,2,792,23,False,False
37,1.2345666666666666,37,car,0.4781055152416229,682,17,721,58,False,False
38,1.2679333333333334,2,car,0.7749318480491638,550,79,630,151,False,False
38,1.2679333333333334,5,car,0.8083270788192749,684,81,755,144,False,False
38,1.2679333333333334,15,car,0.6240333318710327,593,2,657,42,False,False
38,1.2679333333333334,35,car,0.6644544005393982,788,39,851,98,False,False
38,1.2679333333333334,36,car,0.5388159155845642,751,2,795,25,False,False
38,1.2679333333333334,37,car,0.5052089691162109,682,19,721,61,False,False
39,1.3013000000000001,2,car,0.6352226734161377,546,84,629,160,False,False
39,1.3013000000000001,5,car,0.8000097870826721,683,85,757,151,False,False
39,1.3013000000000001,15,car,0.6390516757965088,593,3,655,43,False,False
39,1.3013000000000001,35,car,0.6672064065933228,791,42,858,104,False,False
39,1.3013000000000001,36,car,0.5681154727935791,749,0,801,28,False,False
39,1.3013000000000001,37,car,0.40119192004203796,682,22,721,64,False,False
40,1.3346666666666667,2,car,0.827218770980835,543,91,627,169,False,False
40,1.3346666666666667,5,car,0.8372865915298462,684,91,759,159,False,False
40,1.3346666666666667,15,car,0.6100316643714905,592,4,655,45,False,False
40,1.3346666666666667,35,car,0.7570802569389343,794,47,861,108,False,False
40,1.3346666666666667,36,car,0.552670955657959,748,0,805,30,False,False
40,1.3346666666666667,37,car,0.39126056432724,681,23,724,68,False,False
41,1.3680333333333334,2,car,0.8128402233123779,536,96,626,180,False,False
41,1.3680333333333334,5,car,0.8749520182609558,684,97,762,167,False,False
41,1.3680333333333334,15,car,0.5632327795028687,590,4,655,48,False,False
41,1.3680333333333334,35,car,0.5298942923545837,797,51,867,115,False,False
41,1.3680333333333334,36,car,0.6145979166030884,748,0,808,33,False,False
42,1.4014,2,car,0.8174291253089905,532,102,625,190,False,False
42,1.4014,5,car,0.8545935153961182,685,103,766,176,False,False
42,1.4014,15,car,0.6299476027488708,590,6,654,51,False,False
42,1.4014,35,car,0.6022109389305115,801,54,873,119,False,False
42,1.4014,36,car,0.6210448741912842,749,0,811,35,False,False
42,1.4014,37,car,0.438253790140152,679,25,726,76,False,False
43,1.4347666666666667,2,car,0.7865528464317322,527,110,623,201,False,False
43,1.4347666666666667,5,car,0.8133682012557983,686,109,769,185,False,False
43,1.4347666666666667,15,car,0.6214675903320312,590,9,654,54,False,False
43,1.4347666666666667,35,car,0.5623960494995117,804,58,880,127,False,False
43,1.4347666666666667,36,car,0.6865404844284058,749,0,814,37,False,False
43,1.4347666666666667,43,truck,0.4695754647254944,802,57,881,126,False,False
43,1.4347666666666667,37,car,0.43505144119262695,680,26,728,78,False,False
44,1.4681333333333333,2,car,0.7101093530654907,521,118,620,212,False,False
44,1.4681333333333333,5,car,0.784684956073761,686,116,773,195,False,False
44,1.4681333333333333,15,car,0.6153157949447632,590,12,652,58,False,False
44,1.4681333333333333,35,car,0.6581557989120483,809,64,885,133,False,False
44,1.4681333333333333,36,car,0.648267924785614,750,0,817,39,False,False
44,1.4681333333333333,37,car,0.5796756148338318,680,31,728,82,False,False
45,1.5015,2,car,0.6821556091308594,515,126,620,227,False,False
45,1.5015,5,car,0.8204248547554016,687,123,777,207,False,False
45,1.5015,15,car,0.6589484810829163,590,15,651,60,False,False
45,1.5015,35,car,0.7793861627578735,812,68,893,141,False,False
45,1.5015,36,car,0.6506614089012146,751,1,820,41,False,False
45,1.5015,37,car,0.5897240042686462,682,35,730,86,False,False
46,1.5348666666666666,2,car,0.6797451376914978,509,135,618,241,False,False
46,1.5348666666666666,5,car,0.802733838558197,687,130,781,218,False,False
46,1.5348666666666666,15,car,0.7012942433357239,589,17,650,63,False,False
46,1.5348666666666666,35,car,0.689665675163269,816,74,901,150,False,False
46,1.5348666666666666,36,car,0.6835604906082153,752,1,823,44,False,False
46,1.5348666666666666,37,car,0.621538519859314,681,37,732,91,False,False
46,1.5348666666666666,19,car,0.3876385986804962,683,2,711,24,False,False
47,1.5682333333333334,2,car,0.5898791551589966,502,143,618,257,False,False
47,1.5682333333333334,5,car,0.7895258665084839,687,138,785,230,False,False
47,1.5682333333333334,15,car,0.7135623693466187,589,20,649,66,False,False
47,1.5682333333333334,35,car,0.698460042476654,821,80,908,158,False,False
47,1.5682333333333334,36,car,0.43426215648651123,753,0,826,46,False,False
47,1.5682333333333334,37,car,0.6046836972236633,680,39,734,96,False,False
47,1.5682333333333334,19,car,0.5566999316215515,683,2,713,26,False,False
48,1.6016000000000001,2,car,0.7099942564964294,495,155,614,273,False,False
48,1.6016000000000001,5,car,0.7718589901924133,689,148,790,243,False,False
48,1.6016000000000001,15,car,0.6786597967147827,588,22,649,70,False,False
48,1.6016000000000001,35,car,0.6031852960586548,825,86,918,168,False,False
48,1.6016000000000001,36,car,0.5414987802505493,754,0,829,50,False,False
48,1.6016000000000001,37,car,0.7443660497665405,679,42,735,101,False,False
48,1.6016000000000001,19,car,0.4545256793498993,682,2,714,27,False,False
49,1.6349666666666667,2,car,0.6212453842163086,487,166,611,290,False,False
49,1.6349666666666667,5,car,0.7157707214355469,689,157,796,258,False,False
49,1.6349666666666667,15,car,0.687143862247467,587,25,648,74,False,False
49,1.6349666666666667,35,car,0.7083092927932739,830,91,927,176,False,False
49,1.6349666666666667,36,car,0.5902539491653442,756,3,830,53,False,False
49,1.6349666666666667,37,car,0.721568763256073,679,46,737,107,False,False
49,1.6349666666666667,19,car,0.3963967263698578,681,2,716,29,False,False
49,1.6349666666666667,52,truck,0.4003310799598694,828,90,928,176,False,False
50,1.6683333333333334,2,car,0.7258778214454651,476,179,609,312,False,False
50,1.6683333333333334,5,car,0.7734435796737671,690,168,802,275,False,False
50,1.6683333333333334,15,car,0.6913420557975769,586,27,647,77,False,False
50,1.6683333333333334,35,car,0.6355400085449219,837,98,936,185,False,False
50,1.6683333333333334,36,car,0.5280424952507019,761,7,832,56,False,False
50,1.6683333333333334,37,car,0.7840689420700073,680,49,739,112,False,False
50,1.6683333333333334,19,car,0.3411305844783783,678,1,719,32,False,False
51,1.7017,2,car,0.7797224521636963,466,193,607,335,False,False
51,1.7017,5,car,0.6949353218078613,691,182,808,295,False,False
51,1.7017,15,car,0.7064886093139648,584,30,646,81,False,False
51,1.7017,35,car,0.6258834600448608,841,104,948,198,False,False
51,1.7017,36,car,0.5826044678688049,766,12,834,60,False,False
51,1.7017,37,car,0.7344619035720825,680,52,740,116,False,False
51,1.7017,19,car,0.42483019828796387,676,0,720,35,False,False
52,1.7350666666666668,2,car,0.7592488527297974,455,207,605,360,False,False
52,1.7350666666666668,5,car,0.6630116105079651,691,195,816,316,False,False
52,1.7350666666666668,15,car,0.6310491561889648,583,33,645,84,False,False
52,1.7350666666666668,35,car,0.64057856798172,849,113,958,208,False,False
52,1.7350666666666668,36,car,0.5813807249069214,770,16,835,63,False,False
52,1.7350666666666668,37,car,0.8505970239639282,681,57,742,122,False,False
52,1.7350666666666668,19,car,0.4088216722011566,675,1,722,38,False,False
53,1.7684333333333333,2,car,0.7044937014579773,440,224,601,390,False,False
53,1.7684333333333333,5,car,0.7594283223152161,692,208,823,336,False,False
53,1.7684333333333333,15,car,0.7197628021240234,581,35,644,89,False,False
53,1.7684333333333333,35,car,0.4389115273952484,854,120,971,220,False,False
53,1.7684333333333333,36,car,0.70061194896698,772,19,838,66,False,False
53,1.7684333333333333,37,car,0.7468112111091614,681,59,745,128,False,False
53,1.7684333333333333,19,car,0.5339276790618896,675,1,723,40,False,False
53,1.7684333333333333,58,car,0.32076799869537354,47,0,127,25,False,False
54,1.8018,2,car,0.7786465883255005,423,240,598,422,True,True
54,1.8018,5,car,0.7842096090316772,693,223,835,362,False,False
54,1.8018,15,car,0.7835177779197693,580,39,643,94,False,False
54,1.8018,35,car,0.6807330250740051,862,129,986,236,False,False
54,1.8018,36,car,0.7188348174095154,774,20,841,70,False,False
54,1.8018,37,car,0.8005862832069397,681,64,746,135,False,False
54,1.8018,19,car,0.5377039313316345,674,2,723,42,False,False
54,1.8018,58,car,0.30465325713157654,48,0,127,25,False,False
55,1.8351666666666666,2,car,0.7709115147590637,407,263,595,461,True,True
55,1.8351666666666666,5,car,0.819882333278656,694,240,847,390,False,False
55,1.8351666666666666,15,car,0.8021299242973328,578,42,643,98,False,False
55,1.8351666666666666,35,car,0.6341536045074463,870,138,1001,251,False,False
55,1.8351666666666666,36,car,0.7384524345397949,777,24,844,74,False,False
55,1.8351666666666666,37,car,0.8337052464485168,682,68,749,142,False,False
55,1.8351666666666666,19,car,0.4576101005077362,672,2,723,45,False,False
55,1.8351666666666666,58,car,0.3097532391548157,47,0,127,25,False,False
56,1.8685333333333334,2,car,0.5210381746292114,387,287,591,504,True,True
56,1.8685333333333334,5,car,0.8314266800880432,696,258,858,420,True,True
56,1.8685333333333334,15,car,0.7534438967704773,574,45,643,105,False,False
56,1.8685333333333334,35,car,0.6122784614562988,880,149,1018,267,False,False
56,1.8685333333333334,36,car,0.7042568325996399,780,25,849,78,False,False
56,1.8685333333333334,37,car,0.7815586924552917,682,73,751,149,False,False
56,1.8685333333333334,19,car,0.44086071848869324,674,5,723,47,False,False
56,1.8685333333333334,58,car,0.26592084765434265,48,0,126,25,False,False
57,1.9019,2,car,0.8620284795761108,356,313,583,557,True,True
57,1.9019,5,car,0.7982876896858215,698,278,874,456,True,True
57,1.9019,15,car,0.6801379323005676,572,48,642,111,False,False
57,1.9019,35,car,0.6920012831687927,888,159,1037,286,False,False
57,1.9019,36,car,0.7221418619155884,784,30,852,83,False,False
57,1.9019,37,car,0.8528428077697754,681,77,754,157,False,False
57,1.9019,19,car,0.4887588322162628,675,9,722,50,False,False
57,1.9019,58,car,0.2731606364250183,48,0,126,24,False,False
58,1.9352666666666667,2,car,0.9031914472579956,329,345,582,620,True,True
58,1.9352666666666667,5,car,0.772327721118927,700,301,891,496,True,True
58,1.9352666666666667,15,car,0.6603453159332275,570,52,641,115,False,False
58,1.9352666666666667,35,car,0.722361147403717,898,171,1057,306,False,False
58,1.9352666666666667,36,car,0.8169786930084229,787,34,856,88,False,False
58,1.9352666666666667,37,car,0.8275021910667419,682,82,756,165,False,False
58,1.9352666666666667,19,car,0.542290210723877,675,13,723,54,False,False
58,1.9352666666666667,58,car,0.2577851116657257,48,0,126,24,False,False
58,1.9352666666666667,61,car,0.3967880606651306,664,8,722,55,False,False
59,1.9686333333333335,2,car,0.882760763168335,300,382,576,687,True,True
59,1.9686333333333335,5,car,0.7083320021629333,701,324,911,543,True,True
59,1.9686333333333335,15,car,0.573286771774292,567,56,641,122,False,False
59,1.9686333333333335,35,car,0.7277699708938599,910,186,1081,330,False,False
59,1.9686333333333335,36,car,0.7802535891532898,790,36,862,93,False,False
59,1.9686333333333335,37,car,0.7967391014099121,681,88,759,174,False,False
59,1.9686333333333335,19,car,0.364789217710495,676,17,723,57,False,False
59,1.9686333333333335,61,car,0.3713345229625702,661,7,724,58,False,False
60,2.0020000000000002,2,car,0.823326051235199,285,426,549,713,True,True
60,2.0020000000000002,5,car,0.7308785319328308,705,355,934,597,True,True
60,2.0020000000000002,15,car,0.5552462935447693,564,61,638,128,False,False
60,2.0020000000000002,35,car,0.6414006948471069,925,201,1107,354,False,False
60,2.0020000000000002,36,car,0.7542516589164734,794,40,867,98,False,False
60,2.0020000000000002,37,car,0.7443220615386963,683,94,763,182,False,False
60,2.0020000000000002,19,car,0.33909016847610474,674,20,722,61,False,False
60,2.0020000000000002,61,car,0.3510056734085083,659,7,726,62,False,False
61,2.0353666666666665,2,car,0.6846903562545776,278,480,512,720,True,True
61,2.0353666666666665,5,car,0.8358621597290039,707,389,963,663,True,True
61,2.0353666666666665,15,car,0.5548932552337646,564,66,638,132,False,False
61,2.0353666666666665,35,car,0.6450892686843872,936,217,1138,386,False,False
61,2.0353666666666665,36,car,0.7105951309204102,797,43,872,103,False,False
61,2.0353666666666665,37,car,0.6725676655769348,683,101,765,193,False,False
61,2.0353666666666665,19,car,0.43562832474708557,676,22,725,64,False,False
62,2.0687333333333333,2,car,0.6494356989860535,290,546,479,720,True,True
62,2.0687333333333333,5,car,0.7822577953338623,721,424,981,704,True,True
62,2.0687333333333333,15,car,0.6642279624938965,561,70,638,141,False,False
62,2.0687333333333333,35,car,0.6418706774711609,953,233,1170,416,True,True
62,2.0687333333333333,36,car,0.7678014039993286,801,48,878,109,False,False
62,2.0687333333333333,37,car,0.7066635489463806,683,106,770,204,False,False
62,2.0687333333333333,19,car,0.3847928047180176,676,23,727,68,False,False
62,2.0687333333333333,62,car,0.3668046295642853,747,0,787,18,False,False
63,2.1021,5,car,0.8076958656311035,748,469,986,719,True,True
63,2.1021,15,car,0.6741103529930115,558,75,636,147,False,False
63,2.1021,35,car,0.58737713098526,968,253,1209,455,True,True
63,2.1021,36,car,0.7630322575569153,805,51,883,115,False,False
63,2.1021,37,car,0.6494511365890503,684,113,774,215,False,False
63,2.1021,19,car,0.41997477412223816,678,26,729,71,False,False
63,2.1021,62,car,0.4937480688095093,749,1,790,20,False,False
64,2.135466666666667,5,car,0.7528249621391296,775,520,981,720,True,True
64,2.135466666666667,15,car,0.6879294514656067,556,80,632,149,False,False
64,2.135466666666667,35,car,0.4353024959564209,988,275,1256,500,True,True
64,2.135466666666667,36,car,0.8520123958587646,809,56,888,121,False,False
64,2.135466666666667,37,car,0.7052256464958191,685,121,779,228,False,False
64,2.135466666666667,19,car,0.3880859315395355,676,28,730,76,False,False
64,2.135466666666667,62,car,0.44369107484817505,748,1,795,23,False,False
65,2.168833333333333,5,car,0.8057640194892883,810,586,968,720,True,True
65,2.168833333333333,15,car,0.6036797165870667,551,84,633,159,False,False
65,2.168833333333333,35,car,0.43851515650749207,995,301,1280,553,True,True
65,2.168833333333333,36,car,0.7542591094970703,812,58,896,128,False,False
65,2.168833333333333,37,car,0.6354405283927917,685,128,784,242,False,False
65,2.168833333333333,19,car,0.44935300946235657,676,30,731,79,False,False
65,2.168833333333333,62,car,0.635151207447052,747,1,799,25,False,False
66,2.2022,15,car,0.5744922161102295,546,90,633,171,False,False
66,2.2022,35,car,0.8460795283317566,997,330,1280,616,True,True
66,2.2022,36,car,0.7059828042984009,817,65,901,135,False,False
66,2.2022,37,car,0.6817917227745056,686,136,790,257,False,False
66,2.2022,19,car,0.4916823208332062,676,33,732,84,False,False
66,2.2022,62,car,0.5320126414299011,747,0,805,28,False,False
67,2.2355666666666667,15,car,0.5912137031555176,541,96,632,182,False,False
67,2.2355666666666667,35,car,0.8885115385055542,1003,362,1280,680,True,True
67,2.2355666666666667,36,car,0.8349787592887878,822,69,909,143,False,False
67,2.2355666666666667,37,car,0.6313661336898804,687,147,794,273,False,False
67,2.2355666666666667,19,car,0.5964993834495544,678,37,734,88,False,False
67,2.2355666666666667,62,car,0.4429779648780823,746,0,809,30,False,False
68,2.2689333333333335,15,car,0.6292905807495117,538,102,631,191,False,False
68,2.2689333333333335,35,car,0.8241316676139832,1035,401,1280,705,True,True
68,2.2689333333333335,36,car,0.7547551393508911,826,75,916,151,False,False
68,2.2689333333333335,37,car,0.6573492884635925,687,158,801,292,False,False
68,2.2689333333333335,19,car,0.6257328391075134,678,39,737,93,False,False
68,2.2689333333333335,62,car,0.6224157214164734,745,0,814,34,False,False
69,2.3023000000000002,15,car,0.6463850140571594,533,109,631,204,False,False
69,2.3023000000000002,35,car,0.7327204346656799,1081,449,1280,717,True,True
69,2.3023000000000002,36,car,0.7571648359298706,832,82,925,161,False,False
69,2.3023000000000002,37,car,0.6224972009658813,686,169,808,313,False,False
69,2.3023000000000002,19,car,0.7975340485572815,678,43,738,99,False,False
69,2.3023000000000002,62,car,0.6329178214073181,747,0,817,35,False,False
69,2.3023000000000002,68,car,0.5143740177154541,678,2,718,34,False,False
70,2.3356666666666666,15,car,0.5373862981796265,528,116,630,215,False,False
70,2.3356666666666666,36,car,0.771242618560791,838,88,934,170,False,False
70,2.3356666666666666,37,car,0.7213224768638611,687,182,816,335,False,False
70,2.3356666666666666,19,car,0.8408471941947937,679,47,740,105,False,False
70,2.3356666666666666,62,car,0.4084489345550537,749,0,821,38,False,False
70,2.3356666666666666,68,car,0.5144171118736267,678,3,720,36,False,False
71,2.3690333333333333,15,car,0.565481960773468,523,122,630,228,False,False
71,2.3690333333333333,36,car,0.6566134095191956,845,96,942,180,False,False
71,2.3690333333333333,37,car,0.5015183687210083,689,195,824,357,False,False
71,2.3690333333333333,19,car,0.7876315116882324,679,50,741,110,False,False
71,2.3690333333333333,62,car,0.4086376130580902,750,0,825,41,False,False
71,2.3690333333333333,68,car,0.3770388662815094,677,3,722,40,False,False
72,2.4024,15,car,0.5630658268928528,516,129,629,241,False,False
72,2.4024,36,car,0.6765688061714172,851,104,954,193,False,False
72,2.4024,37,car,0.5107800960540771,690,211,835,385,False,False
72,2.4024,19,car,0.6944865584373474,681,54,744,115,False,False
72,2.4024,62,car,0.5164194107055664,753,1,828,43,False,False
72,2.4024,68,car,0.3893122673034668,677,6,722,42,False,False
73,2.435766666666667,15,car,0.6263760328292847,508,137,627,258,False,False
73,2.435766666666667,36,car,0.6397743225097656,859,113,964,204,False,False
73,2.435766666666667,37,car,0.5419780015945435,691,228,847,417,False,False
73,2.435766666666667,19,car,0.7840912342071533,682,59,745,121,False,False
73,2.435766666666667,62,car,0.644758939743042,754,2,830,46,False,False
73,2.435766666666667,68,car,0.3390141427516937,676,6,724,45,False,False
73,2.435766666666667,72,truck,0.49641820788383484,694,230,845,422,False,False
74,2.469133333333333,15,car,0.6559659242630005,502,148,625,273,False,False
74,2.469133333333333,36,car,0.7109143733978271,867,121,975,215,False,False
74,2.469133333333333,37,car,0.5947717428207397,693,247,860,453,True,True
74,2.469133333333333,19,car,0.769641101360321,682,63,748,128,False,False
74,2.469133333333333,62,car,0.5644752383232117,754,2,832,49,False,False
74,2.469133333333333,68,car,0.338623970746994,676,7,725,47,False,False
74,2.469133333333333,72,truck,0.4288650453090668,696,248,858,455,False,False
75,2.5025,15,car,0.6630476117134094,494,157,625,292,False,False
75,2.5025,36,car,0.7630575299263,873,127,990,230,False,False
75,2.5025,37,truck,0.36097216606140137,696,267,878,493,True,True
75,2.5025,19,car,0.7706770896911621,682,68,749,135,False,False
75,2.5025,62,car,0.6372595429420471,759,6,833,52,False,False
75,2.5025,68,car,0.4332181215286255,675,9,725,50,False,False
75,2.5025,72,car,0.5292664170265198,700,270,877,497,False,False
76,2.5358666666666667,15,car,0.6552047729492188,487,169,621,309,False,False
76,2.5358666666666667,36,car,0.6310267448425293,879,132,1006,244,False,False
76,2.5358666666666667,19,car,0.7847970724105835,683,72,752,143,False,False
76,2.5358666666666667,62,car,0.6599850654602051,763,8,837,55,False,False
76,2.5358666666666667,68,car,0.45223644375801086,676,12,726,53,False,False
76,2.5358666666666667,72,car,0.5647310614585876,700,294,897,548,False,False
77,2.5692333333333335,15,car,0.6305598616600037,478,180,621,331,False,False
77,2.5692333333333335,36,car,0.7136927843093872,889,143,1021,260,False,False
77,2.5692333333333335,19,car,0.7098286151885986,682,78,754,150,False,False
77,2.5692333333333335,62,car,0.5645372271537781,763,6,841,58,False,False
77,2.5692333333333335,68,car,0.5470315217971802,678,17,725,56,False,False
77,2.5692333333333335,72,truck,0.6220744252204895,701,322,918,604,False,False
78,2.6026000000000002,15,car,0.7293885946273804,468,193,619,353,False,False
78,2.6026000000000002,36,car,0.6916942000389099,899,155,1039,279,False,False
78,2.6026000000000002,19,car,0.7295337319374084,683,83,757,159,False,False
78,2.6026000000000002,62,car,0.40861621499061584,766,9,844,61,False,False
78,2.6026000000000002,68,car,0.4925602376461029,680,20,725,59,False,False
78,2.6026000000000002,72,car,0.5009329319000244,702,353,947,672,False,False
79,2.6359666666666666,15,car,0.7776240110397339,458,208,617,379,False,False
79,2.6359666666666666,36,car,0.653138279914856,910,167,1059,300,False,False
79,2.6359666666666666,19,car,0.8350723385810852,686,89,760,166,False,False
79,2.6359666666666666,62,car,0.6784309148788452,772,16,843,65,False,False
79,2.6359666666666666,68,car,0.43717461824417114,680,23,726,62,False,False
79,2.6359666666666666,72,car,0.752469003200531,717,389,966,713,False,False
80,2.6693333333333333,15,car,0.7486916184425354,446,223,615,408,False,False
80,2.6693333333333333,36,car,0.7275643944740295,923,182,1082,324,False,False
80,2.6693333333333333,19,car,0.7551648020744324,687,95,764,176,False,False
80,2.6693333333333333,62,car,0.66187584400177,774,18,847,69,False,False
80,2.6693333333333333,68,car,0.47023069858551025,680,25,728,66,False,False
80,2.6693333333333333,72,car,0.6674023866653442,742,432,971,720,True,True
80,2.6693333333333333,61,truck,0.4204968512058258,657,0,736,67,False,False
81,2.7027,15,car,0.7971928119659424,430,241,613,444,True,True
81,2.7027,36,car,0.7250570058822632,938,199,1106,350,False,False
81,2.7027,19,car,0.7426944375038147,686,102,768,187,False,False
81,2.7027,62,car,0.6348910331726074,777,21,850,74,False,False
81,2.7027,68,car,0.5337420105934143,680,28,729,70,False,False
81,2.7027,72,car,0.3463616371154785,768,482,967,720,True,True
81,2.7027,61,truck,0.41088634729385376,657,0,737,70,False,False
82,2.736066666666667,15,car,0.8634446263313293,415,262,610,481,True,True
82,2.736066666666667,36,car,0.7892369031906128,952,216,1136,381,False,False
82,2.736066666666667,19,car,0.68797767162323,686,109,771,198,False,False
82,2.736066666666667,62,car,0.7463511824607849,781,26,852,78,False,False
82,2.736066666666667,68,car,0.40797439217567444,681,31,730,73,False,False
82,2.736066666666667,61,truck,0.2994138300418854,657,0,737,72,False,False
82,2.736066666666667,73,car,0.49164238572120667,752,0,794,20,False,False
83,2.769433333333333,15,car,0.8012189865112305,398,285,608,523,True,True
83,2.769433333333333,36,car,0.7209547162055969,967,233,1171,417,True,True
83,2.769433333333333,19,car,0.7163641452789307,687,116,776,211,False,False
83,2.769433333333333,62,car,0.5795972943305969,785,30,855,82,False,False
83,2.769433333333333,68,car,0.6307494640350342,683,35,732,77,False,False
83,2.769433333333333,73,car,0.5357633233070374,752,1,797,22,False,False
84,2.8028,15,car,0.7175398468971252,376,308,607,574,True,True
84,2.8028,36,car,0.9116494655609131,987,256,1209,457,True,True
84,2.8028,19,car,0.6963706016540527,688,125,780,224,False,False
84,2.8028,62,car,0.7252064347267151,789,34,859,87,False,False
84,2.8028,68,car,0.6729897260665894,683,37,734,82,False,False
84,2.8028,73,car,0.6140771508216858,750,1,802,25,False,False
85,2.8361666666666667,15,car,0.8569434285163879,352,340,604,635,True,True
85,2.8361666666666667,36,car,0.8620620965957642,1009,282,1256,504,True,True
85,2.8361666666666667,19,car,0.4599402844905853,690,135,786,238,False,False
85,2.8361666666666667,62,car,0.7301543354988098,792,37,865,92,False,False
85,2.8361666666666667,68,car,0.7887019515037537,683,39,736,86,False,False
85,2.8361666666666667,73,car,0.6053754687309265,749,1,807,28,False,False
86,2.8695333333333335,15,car,0.901459276676178,327,374,596,692,True,True
86,2.8695333333333335,36,car,0.888332188129425,1021,312,1280,561,True,True
86,2.8695333333333335,19,car,0.5481624603271484,691,144,792,253,False,False
86,2.8695333333333335,62,car,0.6936159133911133,794,39,870,98,False,False
86,2.8695333333333335,68,car,0.8205661773681641,683,42,739,92,False,False
86,2.8695333333333335,73,car,0.515269935131073,749,1,811,30,False,False
87,2.9029000000000003,15,car,0.6966472268104553,295,415,558,715,True,True
87,2.9029000000000003,36,car,0.833677351474762,1026,344,1280,628,True,True
87,2.9029000000000003,19,car,0.5753937363624573,691,155,798,271,False,False
87,2.9029000000000003,62,car,0.54250568151474,797,42,876,104,False,False
87,2.9029000000000003,68,car,0.8144710659980774,684,47,740,97,False,False
87,2.9029000000000003,73,car,0.5186380743980408,748,0,815,33,False,False
88,2.9362666666666666,15,car,0.692528247833252,280,443,534,720,True,True
88,2.9362666666666666,36,car,0.7133854627609253,1042,383,1280,686,True,True
88,2.9362666666666666,19,car,0.634373128414154,693,167,805,289,False,False
88,2.9362666666666666,62,car,0.6677443385124207,802,47,880,109,False,False
88,2.9362666666666666,68,car,0.8553926348686218,684,50,741,102,False,False
88,2.9362666666666666,73,car,0.5599489212036133,747,0,818,35,False,False
89,2.9696333333333333,15,car,0.6734017729759216,308,513,514,720,True,True
89,2.9696333333333333,19,car,0.6747809052467346,694,182,813,312,False,False
89,2.9696333333333333,62,car,0.6855953931808472,806,51,886,116,False,False
89,2.9696333333333333,68,car,0.7677680850028992,685,55,743,108,False,False
89,2.9696333333333333,73,car,0.6053644418716431,747,0,822,38,False,False
90,3.003,15,car,0.6796998381614685,330,588,481,720,True,True
90,3.003,19,car,0.6366685032844543,696,196,822,334,False,False
90,3.003,62,car,0.6504988670349121,809,54,893,122,False,False
90,3.003,68,car,0.8352689146995544,686,58,745,113,False,False
90,3.003,73,car,0.6596145033836365,749,1,826,41,False,False
90,3.003,76,car,0.43998417258262634,687,0,726,23,False,False
91,3.036366666666667,19,car,0.6608495116233826,699,212,834,360,False,False
91,3.036366666666667,62,car,0.5803006887435913,813,58,899,129,False,False
91,3.036366666666667,68,car,0.8228090405464172,686,62,748,120,False,False
91,3.036366666666667,73,car,0.7121147513389587,750,1,829,44,False,False
91,3.036366666666667,76,car,0.5104146003723145,686,1,728,24,False,False
92,3.069733333333333,19,car,0.5523474216461182,702,228,847,390,False,False
92,3.069733333333333,62,car,0.7379817962646484,819,64,906,137,False,False
92,3.069733333333333,68,car,0.7842745780944824,688,68,750,126,False,False
92,3.069733333333333,73,car,0.6324424147605896,752,2,831,47,False,False
92,3.069733333333333,76,car,0.4770154654979706,685,0,731,27,False,False
93,3.1031,19,car,0.7316083312034607,704,247,861,423,True,True
93,3.1031,62,car,0.7751832008361816,823,69,913,145,False,False
93,3.1031,68,car,0.8371925950050354,688,73,752,133,False,False
93,3.1031,73,car,0.6231451630592346,753,3,833,49,False,False
93,3.1031,76,car,0.48144906759262085,684,0,733,29,False,False
94,3.1364666666666667,19,truck,0.5025283098220825,709,271,878,464,True,True
94,3.1364666666666667,62,car,0.6829754710197449,828,74,922,154,False,False
94,3.1364666666666667,68,car,0.8089907765388489,688,78,755,142,False,False
94,3.1364666666666667,73,car,0.6010378003120422,756,5,836,53,False,False
94,3.1364666666666667,76,car,0.4749535024166107,683,1,734,31,False,False
95,3.1698333333333335,19,car,0.5929247736930847,711,295,898,510,True,True
95,3.1698333333333335,62,car,0.7062851190567017,834,81,930,163,False,False
95,3.1698333333333335,68,car,0.794304609298706,689,83,758,150,False,False
95,3.1698333333333335,73,car,0.5062491297721863,761,10,837,57,False,False
95,3.1698333333333335,76,car,0.3736768066883087,682,1,736,33,False,False
96,3.2032000000000003,19,car,0.5404795408248901,714,323,921,565,True,True
96,3.2032000000000003,62,car,0.6871210932731628,841,88,939,172,False,False
96,3.2032000000000003,68,car,0.749847948551178,690,89,762,157,False,False
96,3.2032000000000003,73,car,0.45318418741226196,765,15,838,61,False,False
96,3.2032000000000003,76,car,0.34658077359199524,680,0,738,36,False,False
96,3.2032000000000003,79,car,0.4341312646865845,615,1,651,18,False,False
97,3.2365666666666666,19,car,0.6295709013938904,718,357,948,630,True,True
97,3.2365666666666666,62,car,0.7529404163360596,847,95,948,182,False,False
97,3.2365666666666666,68,car,0.7493653297424316,690,94,766,168,False,False
97,3.2365666666666666,73,car,0.7095012664794922,769,19,839,64,False,False
97,3.2365666666666666,79,car,0.4466596245765686,615,1,652,19,False,False
98,3.2699333333333334,19,car,0.7715129852294922,729,396,975,690,True,True
98,3.2699333333333334,62,car,0.7621819972991943,852,101,959,194,False,False
98,3.2699333333333334,68,car,0.8033547401428223,691,100,771,177,False,False
98,3.2699333333333334,73,car,0.6913896203041077,771,22,842,69,False,False
98,3.2699333333333334,79,car,0.49638602137565613,613,1,654,21,False,False
98,3.2699333333333334,76,car,0.40864798426628113,678,0,743,41,False,False
99,3.3033,19,car,0.6671934127807617,756,442,987,714,True,True
99,3.3033,62,car,0.5948861241340637,859,109,970,206,False,False
99,3.3033,68,car,0.7887648344039917,693,108,773,186,False,False
99,3.3033,73,car,0.7108404040336609,774,25,846,74,False,False
99,3.3033,79,car,0.5814840197563171,611,1,656,23,False,False
99,3.3033,76,car,0.38835909962654114,678,0,744,43,False,False
100,3.336666666666667,19,car,0.44731608033180237,785,502,985,720,True,True
100,3.336666666666667,62,car,0.6940647959709167,867,116,984,219,False,False
100,3.336666666666667,68,car,0.7918967604637146,696,116,780,198,False,False
100,3.336666666666667,73,car,0.5973498821258545,776,28,850,78,False,False
100,3.336666666666667,79,car,0.5325827598571777,610,2,657,24,False,False
101,3.370033333333333,62,car,0.7790037393569946,875,126,997,234,False,False
101,3.370033333333333,68,car,0.813811182975769,696,124,784,210,False,False
101,3.370033333333333,73,car,0.620452344417572,780,31,854,83,False,False
101,3.370033333333333,79,car,0.48630452156066895,610,2,657,25,False,False
101,3.370033333333333,76,car,0.461527943611145,677,0,748,48,False,False
102,3.4034,62,car,0.5769125819206238,882,133,1014,250,False,False
102,3.4034,68,car,0.802819013595581,696,132,790,224,False,False
102,3.4034,73,car,0.7550636529922485,784,34,858,87,False,False
102,3.4034,79,car,0.5205594301223755,608,3,657,27,False,False
102,3.4034,76,car,0.4181779623031616,676,0,750,52,False,False
103,3.4367666666666667,62,car,0.7423455119132996,893,143,1031,266,False,False
103,3.4367666666666667,68,car,0.752426028251648,698,140,797,238,False,False
103,3.4367666666666667,73,car,0.7239768505096436,785,37,862,93,False,False
103,3.4367666666666667,79,car,0.4806080460548401,607,3,657,29,False,False
104,3.4701333333333335,62,car,0.5653951168060303,905,155,1050,284,False,False
104,3.4701333333333335,68,car,0.7860855460166931,700,151,802,252,False,False
104,3.4701333333333335,73,car,0.6853953003883362,789,40,867,98,False,False
104,3.4701333333333335,79,car,0.5604500770568848,605,3,658,31,False,False
104,3.4701333333333335,76,car,0.540986180305481,683,13,746,59,False,False
105,3.5035000000000003,62,car,0.7249293327331543,916,168,1071,308,False,False
105,3.5035000000000003,68,car,0.6829491257667542,703,163,810,270,False,False
105,3.5035000000000003,73,car,0.6605112552642822,791,43,872,104,False,False
105,3.5035000000000003,79,car,0.5241817831993103,603,2,660,33,False,False
105,3.5035000000000003,76,car,0.5236345529556274,686,18,745,62,False,False
106,3.5368666666666666,62,car,0.6168172359466553,928,182,1096,334,False,False
106,3.5368666666666666,68,car,0.7176337838172913,704,174,818,289,False,False
106,3.5368666666666666,73,car,0.6927282810211182,796,48,877,110,False,False
106,3.5368666666666666,79,car,0.5571961402893066,602,2,661,35,False,False
106,3.5368666666666666,76,car,0.41328516602516174,686,20,746,65,False,False
107,3.5702333333333334,62,car,0.7752459645271301,940,197,1124,364,False,False
107,3.5702333333333334,68,car,0.7741764783859253,708,189,826,307,False,False
107,3.5702333333333334,73,car,0.7024622559547424,800,51,884,116,False,False
107,3.5702333333333334,79,car,0.5215972065925598,601,3,662,38,False,False
107,3.5702333333333334,76,car,0.5033574104309082,687,22,747,69,False,False
108,3.6036,62,car,0.6798812747001648,956,214,1153,395,False,False
108,3.6036,68,car,0.7193666696548462,711,203,837,331,False,False
108,3.6036,73,car,0.7124579548835754,804,55,890,123,False,False
108,3.6036,79,car,0.6064388155937195,601,6,659,40,False,False
108,3.6036,76,car,0.5367838144302368,688,25,748,72,False,False
109,3.636966666666667,62,car,0.7002068161964417,974,233,1187,428,True,True
109,3.636966666666667,68,car,0.7289540767669678,714,219,847,356,False,False
109,3.636966666666667,73,car,0.7513708472251892,808,59,897,131,False,False
109,3.636966666666667,79,car,0.5021371841430664,598,5,660,42,False,False
109,3.636966666666667,76,car,0.6451853513717651,688,27,748,76,False,False
110,3.6703333333333332,62,car,0.7956777811050415,994,254,1229,471,True,True
110,3.6703333333333332,68,car,0.6652783751487732,716,235,861,386,False,False
110,3.6703333333333332,73,car,0.7170684933662415,813,65,904,138,False,False
110,3.6703333333333332,79,car,0.5245531797409058,597,5,661,45,False,False
110,3.6703333333333332,76,car,0.5549103021621704,689,29,749,80,False,False
111,3.7037,62,car,0.821698784828186,1014,278,1271,516,True,True
111,3.7037,68,car,0.7070116400718689,719,256,875,419,True,True
111,3.7037,73,car,0.6843326091766357,818,70,909,145,False,False
111,3.7037,79,car,0.48516154289245605,599,8,660,47,False,False
111,3.7037,76,car,0.4141252040863037,690,32,753,85,False,False
112,3.7370666666666668,62,car,0.9124700427055359,1025,307,1280,569,True,True
112,3.7370666666666668,68,car,0.8151525855064392,724,278,892,456,True,True
112,3.7370666666666668,73,car,0.4982783794403076,822,75,917,154,False,False
112,3.7370666666666668,79,car,0.5898371338844299,600,11,658,49,False,False
112,3.7370666666666668,76,car,0.49501368403434753,690,37,754,91,False,False
113,3.7704333333333335,62,car,0.8930718898773193,1028,337,1280,638,True,True
113,3.7704333333333335,68,car,0.7426310777664185,727,302,912,500,True,True
113,3.7704333333333335,73,car,0.6554582118988037,828,81,927,163,False,False
113,3.7704333333333335,79,car,0.6013517379760742,600,13,657,51,False,False
113,3.7704333333333335,76,car,0.6894950270652771,691,40,756,96,False,False
114,3.8038,62,car,0.8102265000343323,1047,372,1280,687,True,True
114,3.8038,68,car,0.6743791103363037,731,329,935,552,True,True
114,3.8038,73,car,0.6586757302284241,833,87,937,175,False,False
114,3.8038,79,car,0.5949820280075073,600,15,659,55,False,False
114,3.8038,76,car,0.7467908263206482,691,44,757,102,False,False
115,3.8371666666666666,62,car,0.7730940580368042,1092,418,1280,698,True,True
115,3.8371666666666666,68,car,0.604686439037323,737,364,961,611,True,True
115,3.8371666666666666,73,car,0.4005589187145233,840,95,947,186,False,False
115,3.8371666666666666,79,car,0.6690533757209778,601,17,658,57,False,False
115,3.8371666666666666,76,car,0.8106417059898376,693,49,758,107,False,False
115,3.8371666666666666,97,car,0.4929611086845398,643,0,686,20,False,False
116,3.8705333333333334,68,car,0.7651707530021667,743,402,994,682,True,True
116,3.8705333333333334,73,car,0.559197723865509,846,101,958,197,False,False
116,3.8705333333333334,79,car,0.6873485445976257,601,20,657,60,False,False
116,3.8705333333333334,76,car,0.7272465825080872,694,52,760,112,False,False
116,3.8705333333333334,97,car,0.4249058961868286,643,1,685,21,False,False
116,3.8705333333333334,98,car,0.369987815618515,689,0,739,49,False,False
117,3.9039,68,car,0.7850337028503418,769,448,1009,710,True,True
117,3.9039,73,car,0.6607349514961243,853,109,969,210,False,False
117,3.9039,79,car,0.5832557678222656,603,24,656,62,False,False
117,3.9039,76,car,0.811823844909668,694,56,761,118,False,False
117,3.9039,97,car,0.5614251494407654,640,2,687,24,False,False
118,3.937266666666667,68,car,0.3398149311542511,802,505,1010,720,True,True
118,3.937266666666667,73,car,0.7111724615097046,860,118,982,224,False,False
118,3.937266666666667,79,car,0.6599102020263672,603,28,655,66,False,False
118,3.937266666666667,76,car,0.7529357671737671,695,60,764,123,False,False
118,3.937266666666667,97,car,0.5738116502761841,637,1,690,26,False,False
118,3.937266666666667,98,car,0.3001842796802521,689,3,742,56,False,False
119,3.9706333333333332,73,car,0.8163495659828186,869,127,997,240,False,False
119,3.9706333333333332,79,car,0.6986054182052612,603,30,656,70,False,False
119,3.9706333333333332,76,car,0.7408648133277893,696,65,767,131,False,False
119,3.9706333333333332,97,car,0.5566557049751282,634,1,691,29,False,False
119,3.9706333333333332,104,car,0.47525617480278015,757,1,799,18,False,False
119,3.9706333333333332,98,car,0.37137946486473083,687,4,746,61,False,False
120,4.0040000000000004,73,car,0.6092418432235718,878,138,1012,256,False,False
120,4.0040000000000004,79,car,0.6451202034950256,601,32,657,74,False,False
120,4.0040000000000004,76,car,0.7517544031143188,696,68,771,138,False,False
120,4.0040000000000004,97,car,0.4514951705932617,633,1,691,30,False,False
120,4.0040000000000004,104,car,0.6041753888130188,755,1,803,21,False,False
120,4.0040000000000004,98,car,0.43014875054359436,687,5,747,64,False,False
121,4.037366666666666,73,car,0.7379492521286011,888,150,1029,275,False,False
121,4.037366666666666,79,car,0.7554164528846741,602,34,657,76,False,False
121,4.037366666666666,76,car,0.8106913566589355,697,73,774,145,False,False
121,4.037366666666666,97,car,0.5389019250869751,628,1,694,34,False,False
121,4.037366666666666,104,car,0.5343649387359619,754,0,808,22,False,False
121,4.037366666666666,98,car,0.4829849898815155,688,7,748,67,False,False
122,4.070733333333333,73,car,0.7821588516235352,898,161,1049,296,False,False
122,4.070733333333333,79,car,0.7386966347694397,602,37,656,79,False,False
122,4.070733333333333,76,car,0.7663851380348206,698,77,778,153,False,False
122,4.070733333333333,97,car,0.6282231211662292,627,2,692,36,False,False
122,4.070733333333333,104,car,0.4812200665473938,755,0,811,24,False,False
122,4.070733333333333,98,car,0.27924248576164246,689,10,750,71,False,False
123,4.1041,73,car,0.7506852149963379,910,175,1070,318,False,False
123,4.1041,79,car,0.7700107097625732,602,40,655,82,False,False
123,4.1041,76,car,0.8425053358078003,699,82,781,161,False,False
123,4.1041,104,car,0.39267581701278687,754,0,816,27,False,False
124,4.137466666666667,73,car,0.7272817492485046,921,188,1096,345,False,False
124,4.137466666666667,79,car,0.7303547859191895,598,44,655,88,False,False
124,4.137466666666667,76,car,0.7543318271636963,701,88,785,170,False,False
124,4.137466666666667,104,car,0.5203984379768372,755,0,820,29,False,False
124,4.137466666666667,97,car,0.6781699061393738,624,4,691,40,False,False
124,4.137466666666667,98,car,0.5581321716308594,691,16,752,77,False,False
125,4.170833333333333,73,car,0.8304296731948853,935,205,1124,376,False,False
125,4.170833333333333,79,car,0.7539477348327637,599,47,655,92,False,False
125,4.170833333333333,76,car,0.743347704410553,702,95,787,178,False,False
125,4.170833333333333,104,car,0.46568378806114197,754,0,826,32,False,False
125,4.170833333333333,97,car,0.678425669670105,625,6,689,42,False,False
125,4.170833333333333,98,car,0.6762184500694275,691,19,754,82,False,False
126,4.2042,73,car,0.7535581588745117,950,224,1157,412,False,False
126,4.2042,79,car,0.76790851354599,597,50,654,96,False,False
126,4.2042,76,car,0.7062005400657654,702,101,792,190,False,False
126,4.2042,104,car,0.5387966632843018,754,0,830,35,False,False
126,4.2042,97,car,0.5978775024414062,627,9,687,44,False,False
126,4.2042,98,car,0.7248464226722717,691,23,754,86,False,False
127,4.237566666666667,73,car,0.8396587371826172,967,245,1193,452,True,True
127,4.237566666666667,79,car,0.7466835975646973,598,53,655,100,False,False
127,4.237566666666667,76,car,0.5279832482337952,703,107,797,200,False,False
127,4.237566666666667,104,car,0.5163010954856873,755,0,834,38,False,False
127,4.237566666666667,97,car,0.5287573933601379,626,12,685,48,False,False
127,4.237566666666667,98,car,0.7518813610076904,691,25,757,92,False,False
128,4.270933333333334,73,car,0.7951098680496216,989,269,1237,496,True,True
128,4.270933333333334,79,car,0.7986063957214355,595,57,656,107,False,False
128,4.270933333333334,76,car,0.7249404788017273,704,115,802,213,False,False
128,4.270933333333334,104,car,0.5650744438171387,758,0,836,40,False,False
128,4.270933333333334,97,car,0.7138347625732422,625,15,684,51,False,False
128,4.270933333333334,98,car,0.8029457330703735,692,29,758,96,False,False
129,4.3043000000000005,79,car,0.743269681930542,595,60,655,112,False,False
129,4.3043000000000005,76,car,0.6936629414558411,705,123,808,228,False,False
129,4.3043000000000005,97,car,0.683899998664856,624,17,683,55,False,False
129,4.3043000000000005,98,car,0.7429758310317993,693,33,761,102,False,False
129,4.3043000000000005,117,car,0.35922911763191223,47,0,135,27,False,False
130,4.337666666666666,79,car,0.6925124526023865,595,64,656,117,False,False
130,4.337666666666666,76,car,0.644252359867096,707,133,814,242,False,False
130,4.337666666666666,97,car,0.7598681449890137,623,19,683,58,False,False
130,4.337666666666666,98,car,0.7124409079551697,693,36,762,107,False,False
130,4.337666666666666,117,car,0.3184025287628174,52,0,136,26,False,False
130,4.337666666666666,73,car,0.6963863372802734,1006,328,1280,617,True,True
130,4.337666666666666,104,car,0.3684869408607483,759,2,847,47,False,False
131,4.371033333333333,79,car,0.7390823364257812,593,69,656,124,False,False
131,4.371033333333333,76,car,0.4035482704639435,708,142,820,259,False,False
131,4.371033333333333,97,car,0.8554748892784119,623,23,681,62,False,False
131,4.371033333333333,98,car,0.5974463224411011,695,41,763,110,False,False
131,4.371033333333333,117,car,0.2835720181465149,53,0,137,26,False,False
131,4.371033333333333,73,car,0.8770937323570251,1020,366,1280,682,True,True
131,4.371033333333333,104,car,0.48447203636169434,762,5,849,51,False,False
132,4.4044,79,car,0.7735877633094788,591,74,655,131,False,False
132,4.4044,76,car,0.6002484560012817,712,155,827,275,False,False
132,4.4044,97,car,0.7639132738113403,623,26,681,67,False,False
132,4.4044,98,car,0.7414547801017761,695,46,766,119,False,False
132,4.4044,117,car,0.3223525583744049,55,0,138,26,False,False
132,4.4044,73,car,0.8447665572166443,1055,411,1280,709,True,True
132,4.4044,104,car,0.6675133109092712,766,10,850,56,False,False
133,4.437766666666667,79,car,0.803268551826477,589,79,656,139,False,False
133,4.437766666666667,76,car,0.5811209678649902,714,167,836,295,False,False
133,4.437766666666667,97,car,0.6852128505706787,621,30,680,71,False,False
133,4.437766666666667,98,car,0.6313237547874451,696,50,769,126,False,False
133,4.437766666666667,117,car,0.38371357321739197,54,0,141,27,False,False
133,4.437766666666667,104,car,0.5522295236587524,771,16,850,62,False,False
134,4.471133333333333,79,car,0.8273530006408691,588,86,655,146,False,False
134,4.471133333333333,76,car,0.5092771649360657,716,182,844,317,False,False
134,4.471133333333333,97,car,0.7038319110870361,620,33,679,76,False,False
134,4.471133333333333,98,car,0.6673562526702881,697,56,774,135,False,False
134,4.471133333333333,117,car,0.37759941816329956,54,0,143,28,False,False
134,4.471133333333333,104,car,0.5438830256462097,775,20,853,67,False,False
135,4.5045,79,car,0.7007986903190613,588,93,654,153,False,False
135,4.5045,76,car,0.5759741067886353,719,197,854,342,False,False
135,4.5045,97,car,0.7784742712974548,620,38,677,80,False,False
135,4.5045,98,car,0.7013800740242004,699,62,775,141,False,False
135,4.5045,117,car,0.3874850571155548,53,0,144,28,False,False
135,4.5045,104,car,0.5725611448287964,778,24,857,73,False,False
136,4.537866666666667,79,car,0.7650938034057617,584,99,655,164,False,False
136,4.537866666666667,76,car,0.5422070622444153,722,214,864,369,False,False
136,4.537866666666667,97,car,0.7832162380218506,618,42,676,86,False,False
136,4.537866666666667,98,car,0.6980648636817932,699,68,778,150,False,False
136,4.537866666666667,117,car,0.46775126457214355,51,0,144,29,False,False
136,4.537866666666667,104,car,0.6237009167671204,782,30,859,79,False,False
137,4.571233333333334,79,car,0.8616374135017395,581,107,655,175,False,False
137,4.571233333333334,76,car,0.6319921612739563,725,234,875,398,False,False
137,4.571233333333334,97,car,0.7828424572944641,617,47,675,92,False,False
137,4.571233333333334,98,car,0.6858180165290833,699,75,782,161,False,False
137,4.571233333333334,117,car,0.47405651211738586,51,0,146,31,False,False
137,4.571233333333334,104,car,0.7235960364341736,785,35,864,86,False,False
138,4.6046000000000005,79,car,0.8174372315406799,580,115,655,184,False,False
138,4.6046000000000005,76,car,0.6494907140731812,733,269,886,435,True,True
138,4.6046000000000005,97,car,0.7983018755912781,615,51,674,97,False,False
138,4.6046000000000005,98,car,0.7437657117843628,700,83,786,172,False,False
138,4.6046000000000005,117,car,0.3815380334854126,50,1,148,33,False,False
138,4.6046000000000005,104,car,0.5718307495117188,789,40,870,93,False,False
138,4.6046000000000005,122,car,0.47218987345695496,753,2,789,20,False,False
139,4.637966666666666,79,car,0.840557873249054,576,123,655,198,False,False
139,4.637966666666666,76,car,0.6382333040237427,733,285,907,477,True,True
139,4.637966666666666,97,car,0.7883830070495605,613,56,674,105,False,False
139,4.637966666666666,98,car,0.7076308131217957,701,92,789,183,False,False
139,4.637966666666666,117,car,0.5372451543807983,46,1,153,37,False,False
139,4.637966666666666,104,car,0.601571798324585,792,46,874,102,False,False
139,4.637966666666666,122,car,0.5391282439231873,750,2,795,25,False,False
139,4.637966666666666,123,car,0.5107510685920715,596,1,632,20,False,False
140,4.671333333333333,79,car,0.871054470539093,573,133,655,210,False,False
140,4.671333333333333,76,car,0.6016120910644531,735,307,928,522,True,True
140,4.671333333333333,97,car,0.7970095276832581,610,62,673,113,False,False
140,4.671333333333333,98,car,0.6590510606765747,702,100,794,196,False,False
140,4.671333333333333,117,car,0.6113461256027222,42,0,157,40,False,False
140,4.671333333333333,104,car,0.6831272840499878,796,52,879,109,False,False
140,4.671333333333333,122,car,0.5395620465278625,748,2,801,30,False,False
140,4.671333333333333,123,car,0.520051121711731,594,2,634,22,False,False
141,4.7047,79,car,0.8071683049201965,570,142,655,224,False,False
141,4.7047,76,car,0.8156947493553162,736,334,952,577,True,True
141,4.7047,97,car,0.7827017307281494,608,69,671,121,False,False
141,4.7047,98,car,0.6433786749839783,703,109,799,209,False,False
141,4.7047,117,car,0.5271496176719666,41,0,160,42,False,False
141,4.7047,104,car,0.6925219297409058,800,58,885,118,False,False
141,4.7047,122,car,0.6929764747619629,747,3,808,35,False,False
141,4.7047,123,car,0.4546385109424591,589,2,635,26,False,False
142,4.738066666666667,79,car,0.827883243560791,566,152,655,239,False,False
142,4.738066666666667,76,car,0.8018174767494202,741,368,979,641,True,True
142,4.738066666666667,97,car,0.7657530307769775,607,76,670,130,False,False
142,4.738066666666667,98,car,0.6443243622779846,703,118,803,223,False,False
142,4.738066666666667,117,car,0.5689083337783813,39,1,160,45,False,False
142,4.738066666666667,104,car,0.722815990447998,805,65,890,127,False,False
142,4.738066666666667,122,car,0.7029767036437988,745,4,812,40,False,False
142,4.738066666666667,123,car,0.44089192152023315,584,2,638,31,False,False
142,4.738066666666667,126,car,0.4427143931388855,694,4,728,31,False,False
143,4.771433333333333,79,car,0.781078040599823,563,163,655,254,False,False
143,4.771433333333333,76,car,0.6753168702125549,753,406,1004,695,True,True
143,4.771433333333333,97,car,0.6960554718971252,606,82,668,137,False,False
143,4.771433333333333,98,car,0.6726028919219971,704,128,808,238,False,False
143,4.771433333333333,117,car,0.6231468319892883,41,4,158,48,False,False
143,4.771433333333333,104,car,0.7820127606391907,809,72,896,137,False,False
144,4.8048,79,car,0.7298786640167236,559,173,656,270,False,False
144,4.8048,76,car,0.5118716955184937,779,453,1010,713,True,True
144,4.8048,97,car,0.7496475577354431,604,90,668,147,False,False
144,4.8048,98,car,0.5862412452697754,705,139,814,254,False,False
144,4.8048,117,car,0.49192705750465393,45,8,155,50,False,False
144,4.8048,104,car,0.7534204125404358,814,81,903,147,False,False
144,4.8048,122,car,0.60381019115448,749,14,815,51,False,False
144,4.8048,123,car,0.6078213453292847,583,12,633,40,False,False
145,4.838166666666667,79,car,0.721168577671051,555,186,656,287,False,False
145,4.838166666666667,76,car,0.6343812346458435,807,508,1007,720,True,True
145,4.838166666666667,97,car,0.7829933166503906,601,97,667,156,False,False
145,4.838166666666667,98,car,0.5840139985084534,706,151,819,271,False,False
145,4.838166666666667,117,car,0.6866801977157593,45,11,154,55,False,False
145,4.838166666666667,104,car,0.7455986142158508,819,88,910,158,False,False
145,4.838166666666667,123,car,0.5846047401428223,581,16,632,45,False,False
146,4.871533333333334,79,car,0.8066806197166443,551,199,656,306,False,False
146,4.871533333333334,76,car,0.6279835104942322,841,578,995,720,True,True
146,4.871533333333334,97,car,0.7790317535400391,599,105,666,166,False,False
146,4.871533333333334,98,car,0.640943706035614,707,161,828,290,False,False
146,4.871533333333334,117,car,0.6469213962554932,46,14,155,58,False,False
146,4.871533333333334,104,car,0.745061457157135,823,96,917,168,False,False
146,4.871533333333334,123,car,0.6059449315071106,582,22,630,49,False,False
146,4.871533333333334,131,car,0.5228132009506226,223,0,279,29,False,False
146,4.871533333333334,134,car,0.49705037474632263,693,24,731,49,False,False
146,4.871533333333334,122,car,0.6068322062492371,757,26,818,61,False,False
147,4.9049000000000005,79,car,0.8141291737556458,547,213,653,323,False,False
147,4.9049000000000005,97,car,0.7357617020606995,596,113,665,177,False,False
147,4.9049000000000005,98,car,0.7403582334518433,708,173,837,310,False,False
147,4.9049000000000005,117,car,0.6348322033882141,46,16,155,62,False,False
147,4.9049000000000005,104,car,0.656754195690155,830,106,925,180,False,False
147,4.9049000000000005,123,car,0.5511370897293091,581,28,627,55,False,False
147,4.9049000000000005,131,car,0.6194420456886292,223,2,280,32,False,False
147,4.9049000000000005,134,car,0.4798623323440552,693,27,733,54,False,False
147,4.9049000000000005,122,car,0.7157121896743774,757,30,822,68,False,False
148,4.938266666666666,79,car,0.7612899541854858,541,229,654,346,False,False
148,4.938266666666666,97,car,0.8392565846443176,595,122,663,186,False,False
148,4.938266666666666,98,car,0.7469307780265808,710,188,845,333,False,False
148,4.938266666666666,117,car,0.7188636064529419,48,19,153,64,False,False
148,4.938266666666666,104,car,0.6989403367042542,835,114,935,193,False,False
148,4.938266666666666,123,car,0.5893286466598511,580,32,627,59,False,False
148,4.938266666666666,131,car,0.629987895488739,221,4,282,37,False,False
148,4.938266666666666,134,car,0.38716399669647217,693,31,734,59,False,False
148,4.938266666666666,122,car,0.8082520365715027,761,37,822,74,False,False
149,4.971633333333333,79,car,0.8227164149284363,535,244,654,368,False,False
149,4.971633333333333,97,car,0.8607403039932251,593,129,663,196,False,False
149,4.971633333333333,98,car,0.6721963286399841,713,204,853,356,False,False
149,4.971633333333333,117,car,0.6085747480392456,51,22,151,66,False,False
149,4.971633333333333,104,car,0.7351245880126953,844,126,944,206,False,False
149,4.971633333333333,123,car,0.5402586460113525,577,34,627,64,False,False
149,4.971633333333333,131,car,0.6374766826629639,222,8,281,39,False,False
149,4.971633333333333,134,car,0.5504139065742493,693,36,734,64,False,False
149,4.971633333333333,122,car,0.7190948128700256,763,42,824,80,False,False
150,5.005,79,car,0.8235347270965576,528,260,655,395,True,True
150,5.005,97,car,0.7698386311531067,589,137,663,208,False,False
150,5.005,98,car,0.7169046401977539,715,220,864,381,False,False
150,5.005,117,car,0.6503335237503052,54,25,149,67,False,False
150,5.005,104,car,0.7497823238372803,848,132,954,218,False,False
150,5.005,123,car,0.6972450613975525,578,40,624,69,False,False
150,5.005,131,car,0.642214298248291,221,9,283,42,False,False
150,5.005,134,car,0.5903858542442322,693,40,736,69,False,False
150,5.005,122,car,0.766758382320404,766,47,826,86,False,False
151,5.038366666666667,79,car,0.7233322262763977,522,279,654,420,True,True
151,5.038366666666667,97,car,0.7880003452301025,586,145,661,219,False,False
151,5.038366666666667,98,car,0.691413164138794,722,245,873,409,True,True
151,5.038366666666667,117,car,0.5926430821418762,54,29,150,72,False,False
151,5.038366666666667,104,car,0.7070487141609192,853,141,965,233,False,False
151,5.038366666666667,123,car,0.6226916313171387,577,43,622,72,False,False
151,5.038366666666667,131,car,0.626255989074707,222,12,282,44,False,False
151,5.038366666666667,134,car,0.5219897627830505,694,45,735,73,False,False
151,5.038366666666667,122,car,0.7472677230834961,768,52,828,91,False,False
151,5.038366666666667,139,car,0.45457446575164795,296,5,333,29,False,False
152,5.071733333333333,79,car,0.7573047280311584,512,298,656,454,True,True
152,5.071733333333333,97,car,0.7669466733932495,584,154,661,230,False,False
152,5.071733333333333,98,car,0.6832662224769592,725,269,884,441,True,True
152,5.071733333333333,117,car,0.618870198726654,53,30,152,76,False,False
152,5.071733333333333,104,car,0.7125375270843506,859,149,979,249,False,False
152,5.071733333333333,123,car,0.6973448991775513,574,47,620,76,False,False
152,5.071733333333333,131,car,0.6439789533615112,224,15,282,47,False,False
152,5.071733333333333,134,car,0.5186542272567749,694,49,736,78,False,False
152,5.071733333333333,122,car,0.7062830328941345,771,56,831,96,False,False
152,5.071733333333333,139,car,0.37665796279907227,296,6,334,31,False,False
153,5.1051,79,car,0.7757543921470642,503,318,657,486,True,True
153,5.1051,97,car,0.7015776634216309,580,163,660,242,False,False
153,5.1051,98,car,0.6918266415596008,725,282,903,476,True,True
153,5.1051,117,car,0.6193037629127502,55,33,150,78,False,False
153,5.1051,104,car,0.6523977518081665,868,160,993,265,False,False
153,5.1051,123,car,0.7322049736976624,572,49,620,80,False,False
153,5.1051,131,car,0.7358470559120178,224,18,281,49,False,False
153,5.1051,134,car,0.5743462443351746,693,50,739,82,False,False
153,5.1051,122,car,0.676073431968689,774,61,834,102,False,False
153,5.1051,139,car,0.4397529661655426,295,8,336,36,False,False
154,5.138466666666667,79,car,0.7698042988777161,492,342,659,526,True,True
154,5.138466666666667,97,car,0.7345647811889648,577,173,660,256,False,False
154,5.138466666666667,98,car,0.7040107250213623,725,298,925,517,True,True
154,5.138466666666667,117,car,0.6895338892936707,56,36,148,80,False,False
154,5.138466666666667,104,car,0.6325072050094604,877,172,1006,282,False,False
154,5.138466666666667,123,car,0.8245391845703125,570,52,617,84,False,False
154,5.138466666666667,131,car,0.7749855518341064,223,20,282,52,False,False
154,5.138466666666667,134,car,0.4633060395717621,692,53,740,87,False,False
154,5.138466666666667,122,car,0.8366721272468567,778,67,836,107,False,False
154,5.138466666666667,139,car,0.5577616691589355,295,11,335,37,False,False
155,5.171833333333334,79,car,0.717065155506134,479,369,661,573,True,True
155,5.171833333333334,97,car,0.7708248496055603,574,184,658,270,False,False
155,5.171833333333334,98,car,0.8676341772079468,728,320,945,561,True,True
155,5.171833333333334,117,car,0.6215502619743347,58,39,146,81,False,False
155,5.171833333333334,104,car,0.7050512433052063,888,187,1022,301,False,False
155,5.171833333333334,123,car,0.7407347559928894,570,57,615,88,False,False
155,5.171833333333334,131,car,0.7579591274261475,222,21,284,55,False,False
155,5.171833333333334,134,car,0.5666314959526062,693,58,740,92,False,False
155,5.171833333333334,122,car,0.6680368185043335,780,70,840,113,False,False
155,5.171833333333334,139,car,0.55063396692276,297,14,335,39,False,False
156,5.2052000000000005,79,car,0.8358569145202637,464,397,663,625,True,True
156,5.2052000000000005,97,car,0.632763683795929,570,192,659,284,False,False
156,5.2052000000000005,98,car,0.7942614555358887,730,346,969,614,True,True
156,5.2052000000000005,117,car,0.5570592284202576,58,41,145,84,False,False
156,5.2052000000000005,104,car,0.6335126161575317,897,198,1041,321,False,False
156,5.2052000000000005,123,car,0.7025319337844849,568,61,613,92,False,False
156,5.2052000000000005,131,car,0.7761346697807312,222,22,284,57,False,False
156,5.2052000000000005,134,car,0.5652468204498291,694,62,741,96,False,False
156,5.2052000000000005,122,car,0.6804911494255066,782,75,844,119,False,False
156,5.2052000000000005,139,car,0.5971978306770325,298,16,334,40,False,False
157,5.238566666666666,79,car,0.8698930144309998,448,430,665,683,True,True
157,5.238566666666666,97,car,0.5118945240974426,566,202,657,298,False,False
157,5.238566666666666,98,car,0.8159507513046265,737,379,997,673,True,True
157,5.238566666666666,117,car,0.651226818561554,59,44,146,86,False,False
157,5.238566666666666,104,car,0.5952743291854858,909,212,1060,342,False,False
157,5.238566666666666,123,car,0.6534938812255859,565,63,612,96,False,False
157,5.238566666666666,131,car,0.7317821979522705,223,24,283,58,False,False
157,5.238566666666666,134,car,0.6841633319854736,695,65,740,99,False,False
157,5.238566666666666,122,car,0.6714820265769958,787,82,847,126,False,False
157,5.238566666666666,139,car,0.6848717927932739,298,18,334,42,False,False
157,5.238566666666666,152,car,0.48696595430374146,744,46,781,71,False,False
157,5.238566666666666,153,car,0.4255411624908447,362,17,393,36,False,False
157,5.238566666666666,154,car,0.38854750990867615,618,3,646,27,False,False
158,5.271933333333333,79,car,0.7911821007728577,443,468,653,713,True,True
158,5.271933333333333,97,car,0.48227304220199585,562,214,656,313,False,False
158,5.271933333333333,98,car,0.8317391276359558,755,412,1018,708,True,True
158,5.271933333333333,117,car,0.6931107640266418,58,45,146,89,False,False
158,5.271933333333333,104,car,0.7367804646492004,921,226,1084,366,False,False
158,5.271933333333333,123,car,0.7007200121879578,564,68,611,101,False,False
158,5.271933333333333,131,car,0.6597750782966614,224,26,283,60,False,False
158,5.271933333333333,134,car,0.6531451940536499,696,70,741,103,False,False
158,5.271933333333333,122,car,0.8256361484527588,790,86,852,132,False,False
158,5.271933333333333,139,car,0.6610921025276184,297,19,335,44,False,False
158,5.271933333333333,152,car,0.5912355184555054,746,49,782,74,False,False
158,5.271933333333333,153,car,0.38579580187797546,362,17,393,37,False,False
158,5.271933333333333,154,car,0.267166405916214,617,3,647,28,False,False
158,5.271933333333333,155,car,0.40385785698890686,686,21,714,51,False,False
159,5.3053,79,car,0.6969728469848633,447,511,635,720,True,True
159,5.3053,97,car,0.6132975816726685,558,227,656,332,False,False
159,5.3053,98,car,0.5936320424079895,783,450,1032,720,True,True
159,5.3053,117,car,0.6908722519874573,58,46,147,90,False,False
159,5.3053,104,car,0.6519659161567688,935,241,1113,395,False,False
159,5.3053,123,car,0.7405378818511963,564,72,608,104,False,False
159,5.3053,131,car,0.5492289066314697,226,29,283,61,False,False
159,5.3053,134,car,0.5859501957893372,696,74,742,108,False,False
159,5.3053,122,car,0.826155424118042,793,90,858,140,False,False
159,5.3053,139,car,0.6078445315361023,298,21,335,46,False,False
159,5.3053,152,car,0.46317118406295776,748,53,784,77,False,False
159,5.3053,153,car,0.3762608766555786,361,18,394,40,False,False
159,5.3053,155,car,0.5885581970214844,686,24,716,55,False,False
160,5.338666666666667,97,car,0.6092507839202881,552,240,655,352,False,False
160,5.338666666666667,98,car,0.7984609603881836,822,496,1047,720,True,True
160,5.338666666666667,117,car,0.6946824789047241,59,47,147,91,False,False
160,5.338666666666667,104,car,0.6960646510124207,949,257,1143,427,True,True
160,5.338666666666667,123,car,0.6767851114273071,562,76,608,109,False,False
160,5.338666666666667,131,car,0.5716649293899536,228,31,283,62,False,False
160,5.338666666666667,134,car,0.7015170454978943,696,76,743,112,False,False
160,5.338666666666667,122,car,0.6635534167289734,796,95,863,146,False,False
160,5.338666666666667,139,car,0.631683349609375,298,23,336,48,False,False
160,5.338666666666667,152,car,0.3661978840827942,750,56,785,80,False,False
160,5.338666666666667,153,car,0.5443463325500488,362,20,394,41,False,False
160,5.338666666666667,155,car,0.6815813779830933,687,26,716,57,False,False
161,5.372033333333333,97,car,0.6693984270095825,546,254,655,373,False,False
161,5.372033333333333,117,car,0.672793447971344,61,49,147,93,False,False
161,5.372033333333333,104,car,0.6166942119598389,968,278,1175,460,True,True
161,5.372033333333333,123,car,0.6294828653335571,560,79,606,113,False,False
161,5.372033333333333,131,car,0.5520850419998169,229,33,283,65,False,False
161,5.372033333333333,134,car,0.7787029147148132,696,79,744,117,False,False
161,5.372033333333333,122,car,0.6085869669914246,801,100,867,152,False,False
161,5.372033333333333,139,car,0.5386822819709778,298,24,336,49,False,False
161,5.372033333333333,152,car,0.4961848258972168,750,56,790,84,False,False
161,5.372033333333333,153,car,0.4865199327468872,362,22,394,43,False,False
161,5.372033333333333,155,car,0.6829053163528442,686,29,717,60,False,False
162,5.4054,97,car,0.7201993465423584,539,269,655,396,True,True
162,5.4054,117,car,0.6998943090438843,62,51,146,95,False,False
162,5.4054,104,car,0.73545241355896,985,300,1217,505,True,True
162,5.4054,123,car,0.7409005165100098,558,81,605,116,False,False
162,5.4054,131,car,0.43218037486076355,230,36,282,66,False,False
162,5.4054,134,car,0.797060489654541,696,82,745,121,False,False
162,5.4054,122,car,0.7055668830871582,803,105,874,160,False,False
162,5.4054,139,car,0.44879764318466187,298,25,336,51,False,False
162,5.4054,152,car,0.494405061006546,751,59,793,88,False,False
162,5.4054,153,car,0.3553905189037323,362,24,395,45,False,False
162,5.4054,155,car,0.6274372935295105,686,30,718,62,False,False
163,5.438766666666667,97,car,0.7300747632980347,531,285,653,421,True,True
163,5.438766666666667,117,car,0.6974044442176819,62,53,145,96,False,False
163,5.438766666666667,104,car,0.5317413210868835,1008,325,1262,550,True,True
163,5.438766666666667,123,car,0.7390086650848389,556,84,602,119,False,False
163,5.438766666666667,131,car,0.4626048505306244,230,38,282,68,False,False
163,5.438766666666667,134,car,0.6702398657798767,697,87,745,126,False,False
163,5.438766666666667,122,car,0.6437840461730957,808,111,879,167,False,False
163,5.438766666666667,139,car,0.4221465289592743,298,26,335,52,False,False
163,5.438766666666667,152,car,0.6790889501571655,754,64,795,92,False,False
163,5.438766666666667,153,car,0.3075535297393799,362,25,394,45,False,False
163,5.438766666666667,155,car,0.7009775638580322,686,32,718,65,False,False
163,5.438766666666667,158,car,0.39747634530067444,620,16,646,37,False,False
164,5.472133333333334,97,car,0.6940069794654846,524,301,654,447,True,True
164,5.472133333333334,117,car,0.6765735745429993,63,54,145,97,False,False
164,5.472133333333334,104,car,0.5202292203903198,1019,354,1280,606,True,True
164,5.472133333333334,123,car,0.5996918082237244,555,89,600,123,False,False
164,5.472133333333334,131,car,0.47019222378730774,229,38,284,70,False,False
164,5.472133333333334,134,car,0.7145955562591553,698,91,745,129,False,False
164,5.472133333333334,122,car,0.7747673988342285,812,117,885,175,False,False
164,5.472133333333334,139,car,0.41446805000305176,299,29,335,53,False,False
164,5.472133333333334,152,car,0.5996705889701843,757,69,796,95,False,False
164,5.472133333333334,153,car,0.2724611461162567,361,26,394,47,False,False
164,5.472133333333334,155,car,0.7544921040534973,685,34,718,68,False,False
164,5.472133333333334,158,car,0.40490248799324036,620,17,646,38,False,False
165,5.5055000000000005,97,car,0.6969406008720398,513,320,654,480,True,True
165,5.5055000000000005,117,car,0.6324511170387268,62,56,144,99,False,False
165,5.5055000000000005,104,car,0.552851140499115,1026,387,1280,669,True,True
165,5.5055000000000005,123,car,0.7084946632385254,553,93,598,128,False,False
165,5.5055000000000005,131,car,0.4526364803314209,228,38,284,72,False,False
165,5.5055000000000005,134,car,0.7440454363822937,698,95,746,134,False,False
165,5.5055000000000005,122,car,0.6502662897109985,815,121,892,183,False,False
165,5.5055000000000005,139,car,0.4140881597995758,300,31,335,54,False,False
165,5.5055000000000005,152,car,0.6631342768669128,758,72,799,100,False,False
165,5.5055000000000005,153,car,0.3152489960193634,361,29,395,50,False,False
165,5.5055000000000005,155,car,0.5432069897651672,684,36,718,72,False,False
165,5.5055000000000005,158,car,0.43400678038597107,621,19,646,40,False,False
166,5.538866666666666,97,car,0.7523108124732971,502,341,654,517,True,True
166,5.538866666666666,117,car,0.6052832007408142,64,58,144,100,False,False
166,5.538866666666666,104,car,0.6764015555381775,1053,425,1280,705,True,True
166,5.538866666666666,123,car,0.7191716432571411,550,96,596,132,False,False
166,5.538866666666666,131,car,0.5085652470588684,228,40,283,72,False,False
166,5.538866666666666,134,car,0.7638466954231262,698,98,748,139,False,False
166,5.538866666666666,122,car,0.671944797039032,820,128,898,192,False,False
166,5.538866666666666,139,car,0.41370889544487,300,32,335,55,False,False
166,5.538866666666666,152,car,0.6984586119651794,759,74,802,103,False,False
166,5.538866666666666,153,car,0.35818153619766235,362,31,394,51,False,False
166,5.538866666666666,155,car,0.5915685892105103,684,37,720,74,False,False
166,5.538866666666666,158,car,0.4532985985279083,620,20,647,42,False,False
167,5.572233333333333,97,car,0.7845180034637451,491,365,655,556,True,True
167,5.572233333333333,117,car,0.6816598773002625,65,59,143,101,False,False
167,5.572233333333333,104,car,0.7827190160751343,1096,471,1280,718,True,True
167,5.572233333333333,123,car,0.756564736366272,548,101,593,136,False,False
167,5.572233333333333,131,car,0.38815903663635254,229,41,283,74,False,False
167,5.572233333333333,134,car,0.6725251078605652,700,102,749,143,False,False
167,5.572233333333333,122,car,0.6656767129898071,825,134,907,201,False,False
167,5.572233333333333,139,car,0.4097146987915039,300,34,334,56,False,False
167,5.572233333333333,152,car,0.6393742561340332,760,76,805,107,False,False
167,5.572233333333333,153,car,0.39238283038139343,362,32,393,51,False,False
167,5.572233333333333,155,car,0.548370361328125,684,39,720,77,False,False
167,5.572233333333333,158,car,0.4848088026046753,621,22,647,43,False,False
168,5.6056,97,car,0.6044143438339233,477,391,654,601,True,True
168,5.6056,117,car,0.6767539978027344,61,60,145,105,False,False
168,5.6056,123,car,0.7613820433616638,545,104,592,141,False,False
168,5.6056,131,car,0.38569509983062744,228,41,282,74,False,False
168,5.6056,134,car,0.8274191617965698,700,106,750,148,False,False
168,5.6056,122,car,0.6864009499549866,830,140,914,209,False,False
168,5.6056,139,car,0.44365954399108887,299,35,334,58,False,False
168,5.6056,152,car,0.7724504470825195,763,79,808,110,False,False
168,5.6056,153,car,0.3789014220237732,363,33,394,52,False,False
168,5.6056,155,car,0.5359016060829163,684,43,718,79,False,False
168,5.6056,158,car,0.5167766809463501,620,23,646,44,False,False
169,5.638966666666667,97,car,0.7706045508384705,458,420,655,657,True,True
169,5.638966666666667,117,car,0.6981741786003113,62,62,144,106,False,False
169,5.638966666666667,123,car,0.701954185962677,541,107,590,145,False,False
169,5.638966666666667,131,car,0.45571139454841614,230,44,279,74,False,False
169,5.638966666666667,134,car,0.8469955921173096,700,111,750,152,False,False
169,5.638966666666667,122,car,0.6745190024375916,836,147,922,219,False,False
169,5.638966666666667,139,car,0.48801666498184204,298,36,335,61,False,False
169,5.638966666666667,152,car,0.7747009992599487,764,81,812,114,False,False
169,5.638966666666667,153,car,0.3905544579029083,363,35,394,54,False,False
169,5.638966666666667,155,car,0.6914633512496948,684,45,719,82,False,False
169,5.638966666666667,158,car,0.5359326601028442,620,23,647,46,False,False
170,5.6723333333333334,97,car,0.6902192831039429,445,453,650,703,True,True
170,5.6723333333333334,117,car,0.6531853079795837,63,63,145,106,False,False
170,5.6723333333333334,123,car,0.756703794002533,538,110,587,149,False,False
170,5.6723333333333334,131,car,0.4678013324737549,230,46,280,76,False,False
170,5.6723333333333334,134,car,0.8181586265563965,701,115,752,158,False,False
170,5.6723333333333334,122,car,0.6598175764083862,842,154,932,229,False,False
170,5.6723333333333334,139,car,0.47783225774765015,298,37,335,62,False,False
170,5.6723333333333334,152,car,0.6306962966918945,766,84,815,118,False,False
170,5.6723333333333334,153,car,0.3522355556488037,362,36,394,55,False,False
170,5.6723333333333334,155,car,0.6661494970321655,684,47,719,85,False,False
170,5.6723333333333334,158,car,0.3806748688220978,619,24,648,47,False,False
171,5.7057,97,car,0.7773725986480713,440,493,631,720,True,True
171,5.7057,117,car,0.6599554419517517,63,63,145,107,False,False
171,5.7057,123,car,0.7681455612182617,535,112,586,153,False,False
171,5.7057,131,car,0.5049938559532166,230,48,279,78,False,False
171,5.7057,134,car,0.8068999648094177,702,120,752,162,False,False
171,5.7057,122,car,0.750212550163269,849,162,941,239,False,False
171,5.7057,139,car,0.5204349756240845,299,38,336,63,False,False
171,5.7057,152,car,0.6913471817970276,769,88,818,122,False,False
171,5.7057,153,car,0.3949436545372009,361,36,394,57,False,False
171,5.7057,155,car,0.6114534139633179,684,51,719,87,False,False
171,5.7057,158,car,0.35460272431373596,619,24,647,48,False,False
172,5.739066666666667,97,car,0.7561285495758057,448,540,612,720,True,True
172,5.739066666666667,117,car,0.6399643421173096,63,64,144,108,False,False
172,5.739066666666667,123,car,0.8548328280448914,533,115,584,157,False,False
172,5.739066666666667,131,car,0.5365034341812134,230,49,279,79,False,False
172,5.739066666666667,134,car,0.8583759069442749,702,124,754,168,False,False
172,5.739066666666667,122,car,0.57853102684021,854,168,952,251,False,False
172,5.739066666666667,139,car,0.5039194226264954,298,39,337,64,False,False
172,5.739066666666667,152,car,0.705203652381897,771,91,820,126,False,False
172,5.739066666666667,153,car,0.45075586438179016,361,37,395,57,False,False
172,5.739066666666667,155,car,0.6479096412658691,685,54,719,90,False,False
172,5.739066666666667,158,car,0.3044241666793823,619,25,647,49,False,False
173,5.772433333333334,97,car,0.524172306060791,460,596,588,720,True,True
173,5.772433333333334,117,car,0.6697907447814941,64,65,145,109,False,False
173,5.772433333333334,123,car,0.8428161144256592,529,119,581,161,False,False
173,5.772433333333334,131,car,0.5894360542297363,230,49,280,79,False,False
173,5.772433333333334,134,car,0.8661343455314636,703,128,755,173,False,False
173,5.772433333333334,122,car,0.7027415633201599,862,177,962,261,False,False
173,5.772433333333334,139,car,0.4735521674156189,298,40,337,65,False,False
173,5.772433333333334,152,car,0.7842382788658142,773,95,822,130,False,False
173,5.772433333333334,153,car,0.45422759652137756,361,37,394,58,False,False
173,5.772433333333334,155,car,0.6510315537452698,683,56,720,93,False,False
173,5.772433333333334,158,car,0.3614504039287567,619,27,646,50,False,False
174,5.8058000000000005,117,car,0.704198956489563,64,65,144,109,False,False
174,5.8058000000000005,123,car,0.8124070167541504,527,123,579,165,False,False
174,5.8058000000000005,131,car,0.5759372711181641,229,50,280,81,False,False
174,5.8058000000000005,134,car,0.8248224854469299,703,132,755,177,False,False
174,5.8058000000000005,122,car,0.7556374073028564,871,187,973,273,False,False
174,5.8058000000000005,139,car,0.38623103499412537,298,40,337,66,False,False
174,5.8058000000000005,152,car,0.7915571928024292,776,98,826,134,False,False
174,5.8058000000000005,153,car,0.433693528175354,361,38,394,59,False,False
174,5.8058000000000005,155,car,0.6423866748809814,684,58,719,95,False,False
174,5.8058000000000005,158,car,0.509448766708374,620,29,645,51,False,False
175,5.839166666666666,117,car,0.720420241355896,64,67,143,110,False,False
175,5.839166666666666,123,car,0.758995771408081,524,126,577,170,False,False
175,5.839166666666666,131,car,0.5692212581634521,229,51,280,82,False,False
175,5.839166666666666,134,car,0.8053187727928162,703,136,757,183,False,False
175,5.839166666666666,122,car,0.7766337990760803,877,195,989,291,False,False
175,5.839166666666666,139,car,0.38378092646598816,297,40,337,67,False,False
175,5.839166666666666,152,car,0.8087628483772278,778,102,829,138,False,False
175,5.839166666666666,153,car,0.4390910565853119,361,39,394,60,False,False
175,5.839166666666666,155,car,0.6456204056739807,683,60,720,97,False,False
175,5.839166666666666,158,car,0.576440691947937,621,30,645,51,False,False
176,5.872533333333333,117,car,0.6865648627281189,64,68,142,111,False,False
176,5.872533333333333,123,car,0.6968122720718384,520,130,574,175,False,False
176,5.872533333333333,131,car,0.5686722993850708,229,52,280,83,False,False
176,5.872533333333333,134,car,0.8187422752380371,703,140,759,189,False,False
176,5.872533333333333,122,car,0.5744578242301941,887,205,1004,306,False,False
176,5.872533333333333,139,car,0.4351060390472412,297,41,337,68,False,False
176,5.872533333333333,152,car,0.8174826502799988,780,105,832,142,False,False
176,5.872533333333333,153,car,0.4450867176055908,360,40,394,61,False,False
176,5.872533333333333,155,car,0.6692315340042114,683,62,720,99,False,False
176,5.872533333333333,158,car,0.5760919451713562,621,31,645,51,False,False
176,5.872533333333333,167,car,0.37179240584373474,227,57,264,83,False,False
177,5.9059,117,car,0.7173616886138916,63,69,141,112,False,False
177,5.9059,123,car,0.7145794034004211,516,135,571,180,False,False
177,5.9059,131,car,0.6128149032592773,227,52,280,84,False,False
177,5.9059,134,car,0.7836395502090454,703,145,760,195,False,False
177,5.9059,122,car,0.6792483329772949,898,218,1019,322,False,False
177,5.9059,139,car,0.5111561417579651,297,42,336,69,False,False
177,5.9059,152,car,0.8225033283233643,782,109,835,147,False,False
177,5.9059,153,car,0.42928266525268555,360,40,395,62,False,False
177,5.9059,155,car,0.6152776479721069,682,64,720,102,False,False
177,5.9059,158,car,0.6548383831977844,620,31,646,52,False,False
178,5.939266666666667,117,car,0.743360698223114,63,70,141,112,False,False
178,5.939266666666667,123,car,0.7212636470794678,512,139,567,184,False,False
178,5.939266666666667,131,car,0.6722806692123413,227,52,281,85,False,False
178,5.939266666666667,134,car,0.8246415853500366,704,148,762,201,False,False
178,5.939266666666667,122,car,0.7284544706344604,909,229,1037,339,False,False
178,5.939266666666667,139,car,0.5161402821540833,297,43,335,69,False,False
178,5.939266666666667,152,car,0.7809180617332458,785,112,839,151,False,False
178,5.939266666666667,153,car,0.42155367136001587,360,41,394,62,False,False
178,5.939266666666667,155,car,0.5130254626274109,682,66,720,104,False,False
178,5.939266666666667,158,car,0.6889683604240417,620,31,646,53,False,False
179,5.9726333333333335,117,car,0.6946793794631958,64,70,141,112,False,False
179,5.9726333333333335,123,car,0.7668699026107788,509,143,565,189,False,False
179,5.9726333333333335,131,car,0.6505674719810486,227,52,281,85,False,False
179,5.9726333333333335,134,car,0.8389242887496948,704,154,763,207,False,False
179,5.9726333333333335,122,car,0.7003456950187683,918,242,1058,362,False,False
179,5.9726333333333335,139,car,0.5204254388809204,297,44,334,69,False,False
179,5.9726333333333335,152,car,0.6659336686134338,787,117,844,157,False,False
179,5.9726333333333335,153,car,0.35641416907310486,360,42,393,63,False,False
179,5.9726333333333335,155,car,0.3815077543258667,682,69,721,107,False,False
179,5.9726333333333335,158,car,0.6902463436126709,620,31,647,54,False,False
179,5.9726333333333335,170,car,0.33973440527915955,649,53,676,70,False,False
180,6.006,117,car,0.6951971650123596,63,70,141,112,False,False
180,6.006,123,car,0.7710956931114197,504,146,562,194,False,False
180,6.006,131,car,0.629102885723114,227,52,282,86,False,False
180,6.006,134,car,0.7548693418502808,705,159,765,214,False,False
180,6.006,122,car,0.49917370080947876,932,254,1082,383,False,False
180,6.006,139,car,0.5493262410163879,298,45,334,70,False,False
180,6.006,152,car,0.7633466720581055,789,120,848,162,False,False
180,6.006,153,car,0.34305745363235474,360,43,393,63,False,False
180,6.006,155,car,0.36134567856788635,686,81,718,110,False,False
180,6.006,158,car,0.6759493947029114,620,32,647,55,False,False
180,6.006,170,car,0.30575692653656006,650,54,677,71,False,False
181,6.039366666666667,117,car,0.6862960457801819,63,70,141,113,False,False
181,6.039366666666667,123,car,0.8572648167610168,499,150,559,199,False,False
181,6.039366666666667,131,car,0.6434311866760254,227,52,282,87,False,False
181,6.039366666666667,134,car,0.7734062075614929,704,164,767,221,False,False
181,6.039366666666667,122,car,0.603878915309906,945,270,1109,412,True,True
181,6.039366666666667,139,car,0.5538451671600342,297,45,334,70,False,False
181,6.039366666666667,152,car,0.7846114039421082,792,124,852,166,False,False
181,6.039366666666667,153,car,0.3155701458454132,360,43,393,64,False,False
181,6.039366666666667,155,car,0.5162118673324585,684,81,719,112,False,False
181,6.039366666666667,158,car,0.6242388486862183,620,32,647,56,False,False
181,6.039366666666667,170,car,0.4001450538635254,649,54,680,74,False,False
182,6.072733333333334,117,car,0.6941593289375305,63,71,140,113,False,False
182,6.072733333333334,123,car,0.7968966960906982,495,154,556,205,False,False
182,6.072733333333334,131,car,0.6568706631660461,226,52,282,87,False,False
182,6.072733333333334,134,car,0.8082722425460815,705,170,769,228,False,False
182,6.072733333333334,122,car,0.6486679315567017,961,288,1140,443,True,True
182,6.072733333333334,139,car,0.5719912648200989,297,46,334,71,False,False
182,6.072733333333334,152,car,0.768933117389679,795,127,857,172,False,False
182,6.072733333333334,153,car,0.31159117817878723,359,43,393,64,False,False
182,6.072733333333334,155,car,0.5509085059165955,685,85,719,114,False,False
182,6.072733333333334,158,car,0.6132880449295044,621,34,647,56,False,False
182,6.072733333333334,170,car,0.4690791964530945,647,53,681,76,False,False
183,6.1061000000000005,117,car,0.6853089928627014,63,71,140,113,False,False
183,6.1061000000000005,123,car,0.746726393699646,491,158,554,210,False,False
183,6.1061000000000005,131,car,0.642048716545105,226,52,282,88,False,False
183,6.1061000000000005,134,car,0.8451709151268005,705,175,771,235,False,False
183,6.1061000000000005,122,car,0.6485191583633423,978,306,1174,477,True,True
183,6.1061000000000005,139,car,0.5673685073852539,297,46,334,71,False,False
183,6.1061000000000005,152,car,0.7961950302124023,799,133,860,177,False,False
183,6.1061000000000005,153,car,0.3164750933647156,359,45,393,66,False,False
183,6.1061000000000005,155,car,0.5067164301872253,685,87,721,118,False,False
183,6.1061000000000005,158,car,0.5767499804496765,621,35,646,57,False,False
183,6.1061000000000005,170,car,0.40495285391807556,647,54,682,78,False,False
183,6.1061000000000005,172,car,0.3706092834472656,677,75,725,117,False,False
184,6.139466666666666,117,car,0.6608704328536987,63,72,139,113,False,False
184,6.139466666666666,123,car,0.7837532758712769,486,163,550,216,False,False
184,6.139466666666666,131,car,0.606086015701294,227,53,281,88,False,False
184,6.139466666666666,134,car,0.84233558177948,705,180,773,243,False,False
184,6.139466666666666,122,car,0.5720347166061401,998,328,1216,518,True,True
184,6.139466666666666,139,car,0.5584245324134827,297,47,333,71,False,False
184,6.139466666666666,152,car,0.7768430709838867,803,137,867,182,False,False
184,6.139466666666666,153,car,0.3259977102279663,359,46,392,67,False,False
184,6.139466666666666,155,car,0.3938293755054474,688,91,723,120,False,False
184,6.139466666666666,158,car,0.5564137697219849,621,35,646,57,False,False
184,6.139466666666666,170,car,0.29922327399253845,647,55,682,78,False,False
184,6.139466666666666,172,car,0.3713890612125397,675,74,727,119,False,False
184,6.139466666666666,174,car,0.4183320999145508,741,52,765,69,False,False
184,6.139466666666666,167,car,0.5077740550041199,228,58,270,87,False,False
185,6.172833333333333,117,car,0.6307928562164307,63,72,139,113,False,False
185,6.172833333333333,123,car,0.7662544250488281,481,167,548,222,False,False
185,6.172833333333333,131,car,0.6149253249168396,227,53,281,88,False,False
185,6.172833333333333,134,car,0.8102269172668457,705,185,776,250,False,False
185,6.172833333333333,122,car,0.6686438918113708,1020,352,1264,565,True,True
185,6.172833333333333,139,car,0.5664121508598328,297,47,333,72,False,False
185,6.172833333333333,152,car,0.7640592455863953,805,140,872,187,False,False
185,6.172833333333333,153,car,0.355631947517395,359,46,393,67,False,False
185,6.172833333333333,155,car,0.39176833629608154,687,94,723,123,False,False
185,6.172833333333333,158,car,0.5352458357810974,621,36,646,57,False,False
185,6.172833333333333,172,car,0.41512611508369446,674,75,727,121,False,False
185,6.172833333333333,174,car,0.35638609528541565,743,53,765,70,False,False
186,6.2062,117,car,0.6121528744697571,62,72,139,114,False,False
186,6.2062,123,car,0.6720924377441406,476,172,544,228,False,False
186,6.2062,131,car,0.632291316986084,227,54,280,88,False,False
186,6.2062,134,car,0.8341125845909119,706,191,779,259,False,False
186,6.2062,122,car,0.7513794302940369,1031,382,1280,622,True,True
186,6.2062,139,car,0.6107257008552551,297,47,333,72,False,False
186,6.2062,152,car,0.7643789052963257,809,144,879,193,False,False
186,6.2062,153,car,0.421964555978775,359,47,392,67,False,False
186,6.2062,155,car,0.44030267000198364,690,97,727,127,False,False
186,6.2062,158,car,0.5046327114105225,620,36,646,58,False,False
186,6.2062,172,car,0.3065454363822937,673,76,725,122,False,False
187,6.239566666666667,117,car,0.6005215644836426,61,72,139,115,False,False
187,6.239566666666667,123,car,0.7132375836372375,470,176,541,234,False,False
187,6.239566666666667,131,car,0.635978102684021,227,54,280,89,False,False
187,6.239566666666667,134,car,0.8178163170814514,708,197,782,267,False,False
187,6.239566666666667,122,car,0.7491592168807983,1040,415,1280,685,True,True
187,6.239566666666667,139,car,0.6310939788818359,296,47,333,72,False,False
187,6.239566666666667,152,car,0.8180761933326721,813,148,885,200,False,False
187,6.239566666666667,153,car,0.43556350469589233,359,47,392,67,False,False
187,6.239566666666667,155,car,0.5551978945732117,691,98,730,130,False,False
187,6.239566666666667,158,car,0.5329664945602417,621,36,646,58,False,False
188,6.2729333333333335,117,car,0.5946769118309021,61,72,139,115,False,False
188,6.2729333333333335,123,car,0.6267282962799072,461,181,533,241,False,False
188,6.2729333333333335,131,car,0.6326736807823181,227,54,280,89,False,False
188,6.2729333333333335,134,car,0.7695831656455994,708,204,786,277,False,False
188,6.2729333333333335,122,car,0.6045930981636047,1073,455,1280,713,True,True
188,6.2729333333333335,139,car,0.6445069313049316,296,47,333,72,False,False
188,6.2729333333333335,152,car,0.7564084529876709,817,153,892,207,False,False
188,6.2729333333333335,153,car,0.4349747896194458,359,47,392,67,False,False
188,6.2729333333333335,155,car,0.5976881384849548,692,101,732,133,False,False
188,6.2729333333333335,158,car,0.5353667736053467,621,36,646,58,False,False
188,6.2729333333333335,176,car,0.4433436989784241,672,80,707,106,False,False
188,6.2729333333333335,174,car,0.26925531029701233,744,56,769,74,False,False
189,6.3063,117,car,0.5986303091049194,61,72,139,115,False,False
189,6.3063,123,car,0.5698336362838745,455,186,528,248,False,False
189,6.3063,131,car,0.6135233640670776,227,54,279,89,False,False
189,6.3063,134,car,0.7489397525787354,708,210,789,287,False,False
189,6.3063,139,car,0.6371327042579651,297,47,333,72,False,False
189,6.3063,152,car,0.78957599401474,820,157,899,214,False,False
189,6.3063,153,car,0.4251047968864441,359,47,392,67,False,False
189,6.3063,155,car,0.515849769115448,693,104,733,136,False,False
189,6.3063,158,car,0.5528179407119751,621,36,646,58,False,False
189,6.3063,176,car,0.48520222306251526,671,81,707,108,False,False
189,6.3063,174,car,0.33897826075553894,744,56,770,75,False,False
189,6.3063,170,car,0.3717077374458313,642,59,678,83,False,False
190,6.339666666666667,117,car,0.5943958759307861,61,73,139,115,False,False
190,6.339666666666667,123,car,0.6385793685913086,448,191,526,256,False,False
190,6.339666666666667,131,car,0.6118018627166748,227,54,279,88,False,False
190,6.339666666666667,134,car,0.7986672520637512,710,219,792,298,False,False
190,6.339666666666667,139,car,0.6372699737548828,297,47,333,72,False,False
190,6.339666666666667,152,car,0.7497615218162537,825,162,906,221,False,False
190,6.339666666666667,153,car,0.42034783959388733,359,47,392,67,False,False
190,6.339666666666667,155,car,0.5350616574287415,694,107,734,139,False,False
190,6.339666666666667,158,car,0.5207346677780151,621,36,646,58,False,False
190,6.339666666666667,176,car,0.3881816565990448,670,83,706,110,False,False
190,6.339666666666667,174,car,0.35272449254989624,745,56,772,77,False,False
190,6.339666666666667,170,car,0.42606469988822937,640,60,678,85,False,False
191,6.373033333333334,117,car,0.5896056890487671,61,73,139,115,False,False
191,6.373033333333334,123,car,0.6888604760169983,442,197,522,264,False,False
191,6.373033333333334,131,car,0.6047645211219788,227,54,279,89,False,False
191,6.373033333333334,134,car,0.7516648173332214,711,226,797,309,False,False
191,6.373033333333334,139,car,0.6273727416992188,297,47,333,72,False,False
191,6.373033333333334,152,car,0.8367975950241089,830,167,916,229,False,False
191,6.373033333333334,153,car,0.43435776233673096,359,47,392,67,False,False
191,6.373033333333334,155,car,0.6362038850784302,694,109,735,142,False,False
191,6.373033333333334,158,car,0.4896487891674042,621,36,647,59,False,False
191,6.373033333333334,176,car,0.437031090259552,669,84,707,113,False,False
191,6.373033333333334,174,car,0.3048175275325775,746,56,774,78,False,False
191,6.373033333333334,170,car,0.3758048117160797,641,60,680,86,False,False
192,6.4064000000000005,117,car,0.5970972180366516,61,73,139,115,False,False
192,6.4064000000000005,123,car,0.6856330633163452,434,205,515,273,False,False
192,6.4064000000000005,131,car,0.6127948760986328,227,54,279,89,False,False
192,6.4064000000000005,134,car,0.8159843683242798,711,235,801,322,False,False
192,6.4064000000000005,139,car,0.6230401992797852,297,47,333,72,False,False
192,6.4064000000000005,152,car,0.8041165471076965,837,174,925,238,False,False
192,6.4064000000000005,153,car,0.43877750635147095,359,47,392,67,False,False
192,6.4064000000000005,155,car,0.6018722653388977,694,110,737,145,False,False
192,6.4064000000000005,158,car,0.47491511702537537,622,37,647,59,False,False
192,6.4064000000000005,176,car,0.5166871547698975,668,87,707,117,False,False
192,6.4064000000000005,170,car,0.342999666929245,641,61,681,88,False,False
193,6.439766666666666,117,car,0.6076861023902893,61,73,139,116,False,False
193,6.439766666666666,123,car,0.5887401103973389,425,212,509,282,False,False
193,6.439766666666666,131,car,0.6192945837974548,227,54,278,88,False,False
193,6.439766666666666,134,car,0.822738766670227,712,244,805,334,False,False
193,6.439766666666666,139,car,0.6230633854866028,297,47,334,73,False,False
193,6.439766666666666,152,car,0.7432318329811096,843,181,934,247,False,False
193,6.439766666666666,153,car,0.43232491612434387,359,47,392,67,False,False
193,6.439766666666666,155,car,0.7363488078117371,693,112,739,149,False,False
193,6.439766666666666,158,car,0.4448198676109314,622,36,648,59,False,False
193,6.439766666666666,176,car,0.6616069674491882,666,87,707,119,False,False
193,6.439766666666666,170,car,0.31887808442115784,641,61,681,89,False,False
193,6.439766666666666,174,car,0.3250175416469574,749,57,781,81,False,False
194,6.473133333333333,117,car,0.59819096326828,61,72,138,115,False,False
194,6.473133333333333,123,car,0.7103517651557922,416,218,503,291,False,False
194,6.473133333333333,131,car,0.6119398474693298,227,55,278,88,False,False
194,6.473133333333333,134,car,0.6522599458694458,712,253,810,349,False,False
194,6.473133333333333,139,car,0.6026378273963928,297,47,334,73,False,False
194,6.473133333333333,152,car,0.7494756579399109,849,188,943,257,False,False
194,6.473133333333333,153,car,0.4099067151546478,359,47,392,67,False,False
194,6.473133333333333,155,car,0.7518824934959412,694,113,741,152,False,False
194,6.473133333333333,158,car,0.4470921754837036,622,36,648,59,False,False
194,6.473133333333333,176,car,0.607373058795929,664,89,705,121,False,False
194,6.473133333333333,170,car,0.27760982513427734,640,62,682,91,False,False
194,6.473133333333333,174,car,0.41385629773139954,751,60,781,83,False,False
195,6.5065,117,car,0.5913572311401367,61,72,139,115,False,False
195,6.5065,123,car,0.6085424423217773,407,224,500,302,False,False
195,6.5065,131,car,0.6217288374900818,227,55,278,88,False,False
195,6.5065,134,car,0.7200039029121399,715,265,815,364,False,False
195,6.5065,139,car,0.5939942002296448,297,47,334,72,False,False
195,6.5065,152,car,0.8145767450332642,856,194,954,267,False,False
195,6.5065,153,car,0.4231328070163727,360,47,392,67,False,False
195,6.5065,155,car,0.7041851282119751,694,116,742,156,False,False
195,6.5065,158,car,0.44806650280952454,622,36,648,59,False,False
195,6.5065,176,car,0.6031084060668945,662,90,705,124,False,False
195,6.5065,170,car,0.3207901418209076,640,64,680,93,False,False
195,6.5065,174,car,0.46103760600090027,753,63,782,85,False,False
196,6.539866666666667,117,car,0.5958121418952942,61,72,138,115,False,False
196,6.539866666666667,123,car,0.7154866456985474,397,231,493,312,False,False
196,6.539866666666667,131,car,0.5866180062294006,227,55,278,88,False,False
196,6.539866666666667,134,car,0.7559483647346497,715,277,820,381,True,True
196,6.539866666666667,139,car,0.5882623791694641,297,47,334,72,False,False
196,6.539866666666667,152,car,0.7621552348136902,862,203,965,279,False,False
196,6.539866666666667,153,car,0.41877949237823486,360,47,393,67,False,False
196,6.539866666666667,155,car,0.5344749689102173,695,120,742,159,False,False
196,6.539866666666667,158,car,0.4396461546421051,623,37,649,59,False,False
196,6.539866666666667,176,car,0.5777575969696045,661,93,703,126,False,False
196,6.539866666666667,170,car,0.2803135812282562,639,64,681,94,False,False
196,6.539866666666667,174,car,0.7217923998832703,755,64,784,86,False,False
197,6.5732333333333335,117,car,0.5965344905853271,61,73,138,115,False,False
197,6.5732333333333335,123,car,0.7412500381469727,386,239,487,323,False,False
197,6.5732333333333335,131,car,0.6289656758308411,227,55,278,88,False,False
197,6.5732333333333335,134,car,0.7297942638397217,717,289,828,400,True,True
197,6.5732333333333335,139,car,0.5999565720558167,297,47,333,72,False,False
197,6.5732333333333335,152,car,0.7113398313522339,870,211,978,292,False,False
197,6.5732333333333335,153,car,0.4421314597129822,360,47,393,67,False,False
197,6.5732333333333335,155,car,0.60936439037323,696,124,744,164,False,False
197,6.5732333333333335,158,car,0.3905636966228485,624,37,649,59,False,False
197,6.5732333333333335,176,car,0.6081317067146301,660,95,702,129,False,False
197,6.5732333333333335,174,car,0.7003068923950195,756,66,785,87,False,False
198,6.6066,117,car,0.5951324701309204,61,73,137,115,False,False
198,6.6066,123,car,0.6408546566963196,375,248,480,335,False,False
198,6.6066,131,car,0.6088671684265137,227,55,278,88,False,False
198,6.6066,134,car,0.7921265959739685,718,301,837,421,True,True
198,6.6066,139,car,0.60066819190979,297,47,333,72,False,False
198,6.6066,152,car,0.7810025811195374,879,220,992,306,False,False
198,6.6066,153,car,0.45971956849098206,360,47,394,67,False,False
198,6.6066,155,car,0.2898435592651367,697,129,746,169,False,False
198,6.6066,158,car,0.3644530475139618,624,38,650,59,False,False
198,6.6066,176,car,0.702386736869812,660,97,702,132,False,False
198,6.6066,174,car,0.6262268424034119,756,65,787,89,False,False
198,6.6066,170,car,0.3312379717826843,635,64,682,97,False,False
199,6.639966666666667,117,car,0.5938891172409058,61,74,137,115,False,False
199,6.639966666666667,123,car,0.6319855451583862,363,258,472,348,False,False
199,6.639966666666667,131,car,0.6179599761962891,227,55,278,88,False,False
199,6.639966666666667,134,car,0.7822353839874268,719,316,844,443,True,True
199,6.639966666666667,139,car,0.5964237451553345,297,48,333,72,False,False
199,6.639966666666667,152,car,0.6990810632705688,887,229,1007,320,False,False
199,6.639966666666667,153,car,0.4532950222492218,361,48,394,67,False,False
199,6.639966666666667,155,car,0.8157925009727478,697,132,748,173,False,False
199,6.639966666666667,158,car,0.2999526262283325,625,38,650,59,False,False
199,6.639966666666667,176,car,0.6528024673461914,659,100,702,135,False,False
199,6.639966666666667,174,car,0.6914838552474976,757,67,789,92,False,False
199,6.639966666666667,170,car,0.38743922114372253,636,65,683,99,False,False
200,6.673333333333334,117,car,0.5726057887077332,61,74,137,115,False,False
200,6.673333333333334,123,car,0.7737111449241638,348,267,464,364,False,False
200,6.673333333333334,131,car,0.625361442565918,227,55,278,89,False,False
200,6.673333333333334,134,car,0.7537411451339722,721,331,853,466,True,True
200,6.673333333333334,139,car,0.6068246364593506,297,48,334,73,False,False
200,6.673333333333334,152,car,0.7631186246871948,895,237,1024,337,False,False
200,6.673333333333334,153,car,0.46583160758018494,360,48,394,68,False,False
200,6.673333333333334,155,car,0.8199478983879089,698,134,751,177,False,False
200,6.673333333333334,176,car,0.6981637477874756,657,103,700,138,False,False
200,6.673333333333334,174,car,0.5741332173347473,759,69,791,94,False,False
200,6.673333333333334,170,car,0.41318047046661377,641,68,684,100,False,False
201,6.7067000000000005,117,car,0.5856238603591919,60,74,137,116,False,False
201,6.7067000000000005,123,car,0.7226541042327881,334,277,455,378,True,True
201,6.7067000000000005,131,car,0.6417101621627808,227,55,278,89,False,False
201,6.7067000000000005,134,car,0.7437790632247925,723,350,863,493,True,True
201,6.7067000000000005,139,car,0.5960448384284973,297,48,334,73,False,False
201,6.7067000000000005,152,car,0.7141245007514954,908,251,1039,352,False,False
201,6.7067000000000005,153,car,0.47321245074272156,360,48,395,68,False,False
201,6.7067000000000005,155,car,0.8599265813827515,701,138,754,181,False,False
201,6.7067000000000005,176,car,0.7440676689147949,655,106,699,141,False,False
201,6.7067000000000005,174,car,0.5124346017837524,762,69,795,95,False,False
201,6.7067000000000005,170,car,0.3035746216773987,639,66,687,101,False,False
201,6.7067000000000005,158,car,0.3113310635089874,625,38,651,60,False,False
202,6.740066666666666,117,car,0.5939701199531555,60,74,138,117,False,False
202,6.740066666666666,123,car,0.7130853533744812,319,289,446,395,True,True
202,6.740066666666666,131,car,0.6749082803726196,226,55,278,89,False,False
202,6.740066666666666,134,car,0.7875353097915649,724,370,874,525,True,True
202,6.740066666666666,139,car,0.6195052862167358,298,48,334,73,False,False
202,6.740066666666666,152,car,0.8308095932006836,919,264,1059,372,False,False
202,6.740066666666666,153,car,0.4970700442790985,360,48,395,68,False,False
202,6.740066666666666,155,car,0.8613725900650024,702,142,757,187,False,False
202,6.740066666666666,176,car,0.8537413477897644,653,109,697,145,False,False
202,6.740066666666666,174,car,0.5789234638214111,763,69,798,97,False,False
202,6.740066666666666,170,car,0.42571553587913513,640,70,685,103,False,False
202,6.740066666666666,158,car,0.2961874008178711,626,37,653,60,False,False
203,6.773433333333333,117,car,0.6249037384986877,60,74,139,118,False,False
203,6.773433333333333,123,car,0.783713698387146,302,300,436,412,True,True
203,6.773433333333333,131,car,0.6557431221008301,226,55,278,89,False,False
203,6.773433333333333,134,car,0.802921712398529,728,391,887,557,True,True
203,6.773433333333333,139,car,0.6307466626167297,298,48,334,73,False,False
203,6.773433333333333,152,car,0.713849663734436,931,277,1081,394,True,True
203,6.773433333333333,153,car,0.5041265487670898,361,48,395,68,False,False
203,6.773433333333333,155,car,0.822332501411438,703,146,759,192,False,False
203,6.773433333333333,176,car,0.867986798286438,652,112,698,149,False,False
203,6.773433333333333,174,car,0.6353652477264404,766,72,800,99,False,False
203,6.773433333333333,170,car,0.44675278663635254,641,72,684,105,False,False
203,6.773433333333333,158,car,0.30260106921195984,626,36,654,60,False,False
204,6.8068,117,car,0.6345826983451843,60,75,139,118,False,False
204,6.8068,123,car,0.7770078778266907,283,315,423,431,True,True
204,6.8068,131,car,0.6362005472183228,226,55,278,89,False,False
204,6.8068,134,car,0.8156871199607849,729,414,904,597,True,True
204,6.8068,139,car,0.6172471046447754,298,48,334,73,False,False
204,6.8068,152,car,0.6726322770118713,944,293,1103,417,True,True
204,6.8068,153,car,0.4966558814048767,361,48,395,68,False,False
204,6.8068,155,car,0.8119520545005798,705,151,762,199,False,False
204,6.8068,176,car,0.8248122930526733,650,116,697,154,False,False
204,6.8068,174,car,0.5867615342140198,769,77,800,101,False,False
204,6.8068,170,car,0.4746052622795105,638,73,683,108,False,False
204,6.8068,158,car,0.25631946325302124,627,37,653,60,False,False
205,6.840166666666667,117,car,0.6551212668418884,60,75,139,118,False,False
205,6.840166666666667,123,car,0.8152599334716797,262,329,413,454,True,True
205,6.840166666666667,131,car,0.6379377245903015,226,56,278,89,False,False
205,6.840166666666667,134,car,0.8240369558334351,731,441,922,644,True,True
205,6.840166666666667,139,car,0.6067330241203308,298,49,334,73,False,False
205,6.840166666666667,152,car,0.7649786472320557,958,310,1130,444,True,True
205,6.840166666666667,153,car,0.47646984457969666,361,48,395,68,False,False
205,6.840166666666667,155,car,0.7820178270339966,706,154,767,206,False,False
205,6.840166666666667,176,car,0.7975814938545227,649,119,696,158,False,False
205,6.840166666666667,174,car,0.5035166144371033,773,81,801,103,False,False
205,6.840166666666667,170,car,0.4439195394515991,638,74,683,109,False,False
205,6.840166666666667,158,car,0.3774372339248657,628,38,654,60,False,False
206,6.8735333333333335,117,car,0.659420371055603,60,75,139,118,False,False
206,6.8735333333333335,123,car,0.8486834764480591,238,345,400,479,True,True
206,6.8735333333333335,131,car,0.6482057571411133,226,55,278,89,False,False
206,6.8735333333333335,134,car,0.8697893023490906,734,470,942,695,True,True
206,6.8735333333333335,139,car,0.5778444409370422,298,49,335,73,False,False
206,6.8735333333333335,152,car,0.8452898859977722,976,329,1160,474,True,True
206,6.8735333333333335,153,car,0.46729350090026855,361,48,395,68,False,False
206,6.8735333333333335,155,car,0.8041172027587891,707,159,770,213,False,False
206,6.8735333333333335,176,car,0.7850040197372437,647,122,695,162,False,False
206,6.8735333333333335,174,car,0.5275079011917114,776,84,803,105,False,False
206,6.8735333333333335,158,car,0.39947783946990967,629,39,654,61,False,False
207,6.9069,117,car,0.6687220335006714,59,75,138,118,False,False
207,6.9069,123,car,0.8482449054718018,213,362,387,507,True,True
207,6.9069,131,car,0.616738498210907,226,55,278,89,False,False
207,6.9069,134,car,0.7197699546813965,750,502,951,718,True,True
207,6.9069,139,car,0.5716569423675537,299,49,335,74,False,False
207,6.9069,152,car,0.836488664150238,995,351,1195,508,True,True
207,6.9069,153,car,0.47440287470817566,361,48,396,68,False,False
207,6.9069,155,car,0.8165966272354126,708,164,773,219,False,False
207,6.9069,176,car,0.7278547883033752,646,125,695,166,False,False
207,6.9069,174,car,0.5903752446174622,778,86,807,108,False,False
207,6.9069,158,car,0.3107176721096039,630,39,655,61,False,False
207,6.9069,170,car,0.31591999530792236,642,81,684,112,False,False
208,6.940266666666667,117,car,0.6664040684700012,59,75,138,118,False,False
208,6.940266666666667,123,car,0.8014780879020691,184,381,370,535,True,True
208,6.940266666666667,131,car,0.6314393281936646,226,55,279,89,False,False
208,6.940266666666667,134,car,0.7232903838157654,770,535,954,720,True,True
208,6.940266666666667,139,car,0.5428025126457214,299,49,336,73,False,False
208,6.940266666666667,152,car,0.8093114495277405,1015,374,1236,548,True,True
208,6.940266666666667,153,car,0.44738832116127014,362,48,396,68,False,False
208,6.940266666666667,155,car,0.8156209588050842,709,169,777,228,False,False
208,6.940266666666667,176,car,0.7555875778198242,644,128,695,171,False,False
208,6.940266666666667,174,car,0.4177815914154053,779,86,811,110,False,False
208,6.940266666666667,158,car,0.3425123989582062,630,38,656,61,False,False
208,6.940266666666667,170,car,0.3221832811832428,641,81,686,116,False,False
209,6.973633333333334,117,car,0.6594584584236145,59,75,138,119,False,False
209,6.973633333333334,123,car,0.8426321744918823,151,401,354,570,True,True
209,6.973633333333334,131,car,0.6190750598907471,226,55,279,89,False,False
209,6.973633333333334,134,car,0.736594021320343,792,579,944,720,True,True
209,6.973633333333334,139,car,0.525604248046875,300,49,336,73,False,False
209,6.973633333333334,152,car,0.8513001799583435,1033,400,1276,593,True,True
209,6.973633333333334,153,car,0.4425707757472992,362,48,396,69,False,False
209,6.973633333333334,155,car,0.8023121953010559,712,176,781,235,False,False
209,6.973633333333334,176,car,0.8124181628227234,642,132,694,176,False,False
209,6.973633333333334,174,car,0.5986281037330627,780,86,816,112,False,False
209,6.973633333333334,158,car,0.2809479832649231,631,40,656,61,False,False
209,6.973633333333334,170,car,0.3236074149608612,640,82,687,117,False,False
210,7.007000000000001,117,car,0.669661283493042,58,76,137,118,False,False
210,7.007000000000001,123,car,0.8844162821769714,116,423,335,606,True,True
210,7.007000000000001,131,car,0.6410395503044128,226,55,279,89,False,False
210,7.007000000000001,134,car,0.489071786403656,819,630,931,720,True,True
210,7.007000000000001,139,car,0.5417290925979614,300,49,336,73,False,False
210,7.007000000000001,152,car,0.902164101600647,1042,431,1280,648,True,True
210,7.007000000000001,153,car,0.4416768550872803,362,49,397,69,False,False
210,7.007000000000001,155,car,0.7874681949615479,713,182,784,244,False,False
210,7.007000000000001,176,car,0.8064984083175659,641,136,694,180,False,False
210,7.007000000000001,174,car,0.6813748478889465,781,86,819,114,False,False
210,7.007000000000001,170,car,0.3279522657394409,644,85,688,119,False,False
211,7.040366666666666,117,car,0.6671334505081177,57,76,136,118,False,False
211,7.040366666666666,123,car,0.8712073564529419,76,450,311,646,True,True
211,7.040366666666666,131,car,0.6402796506881714,227,56,279,89,False,False
211,7.040366666666666,139,car,0.5322247743606567,299,49,337,74,False,False
211,7.040366666666666,152,car,0.8292085528373718,1056,464,1280,698,True,True
211,7.040366666666666,153,car,0.42302143573760986,363,49,398,70,False,False
211,7.040366666666666,155,car,0.8252897262573242,715,189,788,252,False,False
211,7.040366666666666,176,car,0.8024869561195374,638,140,694,187,False,False
211,7.040366666666666,174,car,0.6383410096168518,783,87,823,117,False,False
211,7.040366666666666,170,car,0.4936215877532959,646,89,688,121,False,False
212,7.073733333333333,117,car,0.6780252456665039,57,76,136,118,False,False
212,7.073733333333333,123,car,0.849800705909729,25,479,285,696,True,True
212,7.073733333333333,131,car,0.6658638119697571,227,56,279,89,False,False
212,7.073733333333333,139,car,0.5658069849014282,299,49,337,74,False,False
212,7.073733333333333,153,car,0.4163944721221924,363,49,398,70,False,False
212,7.073733333333333,155,car,0.809076189994812,717,195,793,261,False,False
212,7.073733333333333,176,car,0.8323175311088562,637,145,692,192,False,False
212,7.073733333333333,174,car,0.38564497232437134,783,85,829,120,False,False
212,7.073733333333333,170,car,0.5995415449142456,642,89,687,124,False,False
213,7.1071,117,car,0.6790918111801147,56,76,136,119,False,False
213,7.1071,123,car,0.7732138633728027,6,511,255,717,True,True
213,7.1071,131,car,0.6357131004333496,227,56,280,90,False,False
213,7.1071,139,car,0.546569287776947,299,49,337,74,False,False
213,7.1071,153,car,0.4206164479255676,364,49,398,70,False,False
213,7.1071,155,car,0.7623458504676819,719,202,798,271,False,False
213,7.1071,176,car,0.816642165184021,636,151,692,198,False,False
213,7.1071,174,car,0.40975886583328247,786,88,832,123,False,False
213,7.1071,170,car,0.5946360230445862,642,90,688,126,False,False
213,7.1071,192,car,0.4993966817855835,710,62,736,83,False,False
214,7.140466666666667,117,car,0.6711682677268982,55,76,135,119,False,False
214,7.140466666666667,123,car,0.543601930141449,1,548,220,720,True,True
214,7.140466666666667,131,car,0.6511923670768738,227,56,280,90,False,False
214,7.140466666666667,139,car,0.5576988458633423,299,49,338,75,False,False
214,7.140466666666667,153,car,0.41547054052352905,364,50,398,70,False,False
214,7.140466666666667,155,car,0.6363969445228577,721,209,802,281,False,False
214,7.140466666666667,176,car,0.8430272340774536,632,155,692,206,False,False
214,7.140466666666667,174,car,0.5996372103691101,790,92,835,126,False,False
214,7.140466666666667,170,car,0.5025561451911926,639,89,688,128,False,False
214,7.140466666666667,192,car,0.5528374910354614,711,64,736,84,False,False
215,7.1738333333333335,117,car,0.6790401339530945,54,76,135,119,False,False
215,7.1738333333333335,131,car,0.5940406918525696,227,56,280,90,False,False
215,7.1738333333333335,139,car,0.5547546148300171,300,49,338,75,False,False
215,7.1738333333333335,153,car,0.43012043833732605,365,49,399,70,False,False
215,7.1738333333333335,155,car,0.7058681845664978,723,218,807,293,False,False
215,7.1738333333333335,176,car,0.8579630255699158,630,160,692,213,False,False
215,7.1738333333333335,174,car,0.6953622102737427,795,95,837,128,False,False
215,7.1738333333333335,170,car,0.4732620120048523,637,91,687,129,False,False
215,7.1738333333333335,192,car,0.5877310037612915,710,64,738,87,False,False
215,7.1738333333333335,158,car,0.3511051833629608,636,38,664,62,False,False
216,7.2072,117,car,0.685515820980072,53,76,135,119,False,False
216,7.2072,131,car,0.600134015083313,227,56,280,90,False,False
216,7.2072,139,car,0.5761510133743286,300,49,339,76,False,False
216,7.2072,153,car,0.45112335681915283,365,49,399,70,False,False
216,7.2072,155,car,0.7403646111488342,726,226,815,305,False,False
216,7.2072,176,car,0.8591801524162292,627,165,692,221,False,False
216,7.2072,174,car,0.7232627272605896,799,98,842,131,False,False
216,7.2072,170,car,0.448483943939209,637,93,687,131,False,False
216,7.2072,192,car,0.6052849292755127,712,65,739,87,False,False
216,7.2072,197,car,0.5026751160621643,647,100,688,130,False,False
216,7.2072,158,car,0.35093215107917786,636,38,665,63,False,False
217,7.240566666666667,117,car,0.6787602305412292,52,76,135,120,False,False
217,7.240566666666667,131,car,0.5798999071121216,227,56,281,91,False,False
217,7.240566666666667,139,car,0.5852138996124268,300,49,340,75,False,False
217,7.240566666666667,153,car,0.4979149401187897,365,49,401,71,False,False
217,7.240566666666667,155,car,0.8455880284309387,727,236,820,320,False,False
217,7.240566666666667,176,car,0.8666085600852966,625,171,692,228,False,False
217,7.240566666666667,174,car,0.7156846523284912,802,101,845,134,False,False
217,7.240566666666667,170,car,0.3940927982330322,638,96,688,133,False,False
217,7.240566666666667,192,car,0.5497867465019226,712,66,741,88,False,False
217,7.240566666666667,197,car,0.5353931188583374,648,101,691,133,False,False
217,7.240566666666667,158,car,0.3728846311569214,637,38,665,63,False,False
218,7.273933333333334,117,car,0.6786441802978516,52,76,136,120,False,False
218,7.273933333333334,131,car,0.5583154559135437,227,56,280,91,False,False
218,7.273933333333334,139,car,0.5822280645370483,301,49,340,75,False,False
218,7.273933333333334,153,car,0.4958531856536865,365,49,402,72,False,False
218,7.273933333333334,155,car,0.8159570693969727,730,247,826,334,False,False
218,7.273933333333334,176,car,0.8408481478691101,621,178,690,237,False,False
218,7.273933333333334,174,car,0.6495627760887146,805,102,850,137,False,False
218,7.273933333333334,170,car,0.5496861338615417,634,93,691,136,False,False
218,7.273933333333334,192,car,0.5695227980613708,713,67,741,89,False,False
218,7.273933333333334,197,car,0.41111305356025696,645,102,690,136,False,False
218,7.273933333333334,158,car,0.2689407765865326,638,37,667,63,False,False
219,7.307300000000001,117,car,0.6795428991317749,52,76,137,120,False,False
219,7.307300000000001,131,car,0.5531762838363647,227,57,281,92,False,False
219,7.307300000000001,139,car,0.5914740562438965,301,49,341,75,False,False
219,7.307300000000001,153,car,0.49096301198005676,367,49,402,71,False,False
219,7.307300000000001,155,car,0.7550479173660278,732,257,834,349,False,False
219,7.307300000000001,176,car,0.8277525305747986,617,183,689,246,False,False
219,7.307300000000001,174,car,0.6712674498558044,810,107,853,141,False,False
219,7.307300000000001,170,car,0.5623335838317871,630,89,694,139,False,False
219,7.307300000000001,192,car,0.4266241788864136,713,68,743,91,False,False
219,7.307300000000001,197,car,0.41276314854621887,640,101,691,139,False,False
219,7.307300000000001,202,bus,0.40428081154823303,854,25,914,82,False,False
220,7.3406666666666665,117,car,0.6975048780441284,53,76,138,120,False,False
220,7.3406666666666665,131,car,0.5855600833892822,229,57,281,92,False,False
220,7.3406666666666665,139,car,0.5616929531097412,301,49,341,75,False,False
220,7.3406666666666665,153,car,0.5089982748031616,367,49,403,71,False,False
220,7.3406666666666665,155,car,0.8322665095329285,733,268,843,368,False,False
220,7.3406666666666665,176,car,0.8985691070556641,613,191,688,256,False,False
220,7.3406666666666665,174,car,0.7024688720703125,812,110,857,145,False,False
220,7.3406666666666665,170,car,0.45020076632499695,633,95,693,141,False,False
220,7.3406666666666665,192,car,0.4918142557144165,715,68,746,93,False,False
220,7.3406666666666665,197,car,0.4192903935909271,643,104,692,141,False,False
220,7.3406666666666665,202,bus,0.2637444734573364,858,24,919,82,False,False
221,7.374033333333333,117,car,0.6784305572509766,53,76,137,120,False,False
221,7.374033333333333,131,car,0.5933482646942139,229,58,281,92,False,False
221,7.374033333333333,139,car,0.5858363509178162,302,49,342,76,False,False
221,7.374033333333333,153,car,0.5066114068031311,367,49,404,72,False,False
221,7.374033333333333,155,car,0.7807002663612366,737,282,850,386,True,True
221,7.374033333333333,176,car,0.8639775514602661,610,199,688,267,False,False
221,7.374033333333333,174,car,0.7534223794937134,814,113,862,149,False,False
221,7.374033333333333,192,car,0.522784948348999,717,69,748,94,False,False
221,7.374033333333333,197,car,0.4374271035194397,645,108,693,144,False,False
221,7.374033333333333,202,bus,0.34942519664764404,866,26,926,83,False,False
221,7.374033333333333,206,car,0.4901909828186035,757,53,781,71,False,False
222,7.4074,117,car,0.6874544620513916,54,76,137,120,False,False
222,7.4074,131,car,0.6044838428497314,230,58,282,92,False,False
222,7.4074,139,car,0.5666385889053345,302,49,342,76,False,False
222,7.4074,153,car,0.5236098766326904,368,49,405,72,False,False
222,7.4074,155,car,0.7913933396339417,739,296,860,408,True,True
222,7.4074,176,car,0.9153376221656799,607,208,686,277,False,False
222,7.4074,174,car,0.7671629786491394,819,116,866,152,False,False
222,7.4074,192,car,0.49529147148132324,718,70,749,94,False,False
222,7.4074,197,car,0.6030148863792419,645,111,693,147,False,False
222,7.4074,202,bus,0.4024387001991272,868,26,930,84,False,False
222,7.4074,206,car,0.4472113847732544,759,54,783,72,False,False
222,7.4074,207,car,0.40087148547172546,664,82,698,118,False,False
222,7.4074,170,car,0.3523525297641754,636,103,693,147,False,False
223,7.440766666666667,117,car,0.6875190734863281,54,76,137,120,False,False
223,7.440766666666667,131,car,0.6189895868301392,230,58,282,92,False,False
223,7.440766666666667,139,car,0.5625379681587219,302,49,342,76,False,False
223,7.440766666666667,153,car,0.5044192671775818,368,49,406,73,False,False
223,7.440766666666667,155,car,0.8034932017326355,743,312,870,431,True,True
223,7.440766666666667,176,car,0.8813157081604004,602,217,685,290,False,False
223,7.440766666666667,174,car,0.7744340300559998,821,118,872,157,False,False
223,7.440766666666667,192,car,0.46164608001708984,718,71,750,96,False,False
223,7.440766666666667,197,car,0.6440804600715637,645,111,695,149,False,False
223,7.440766666666667,202,bus,0.4008580446243286,870,26,932,85,False,False
223,7.440766666666667,206,car,0.31999537348747253,759,55,786,74,False,False
223,7.440766666666667,207,car,0.43610623478889465,664,82,700,121,False,False
223,7.440766666666667,170,car,0.4007251262664795,635,104,694,150,False,False
224,7.4741333333333335,117,car,0.6810398697853088,54,76,137,120,False,False
224,7.4741333333333335,131,car,0.6296809911727905,230,58,282,92,False,False
224,7.4741333333333335,139,car,0.542831540107727,302,49,343,76,False,False
224,7.4741333333333335,153,car,0.4846349358558655,369,49,405,72,False,False
224,7.4741333333333335,155,car,0.8136727213859558,746,330,882,458,True,True
224,7.4741333333333335,176,car,0.8540605306625366,597,227,683,304,False,False
224,7.4741333333333335,174,car,0.7029961347579956,825,120,878,161,False,False
224,7.4741333333333335,192,car,0.5857599377632141,717,71,753,98,False,False
224,7.4741333333333335,197,car,0.6578720211982727,646,115,695,152,False,False
224,7.4741333333333335,202,bus,0.5684921741485596,871,27,933,86,False,False
224,7.4741333333333335,206,car,0.5615699887275696,761,56,787,76,False,False
224,7.4741333333333335,207,car,0.42321714758872986,665,85,700,122,False,False
224,7.4741333333333335,170,car,0.5093281865119934,637,109,694,153,False,False
225,7.5075,117,car,0.683443009853363,54,76,137,120,False,False
225,7.5075,131,car,0.6460555195808411,230,59,282,93,False,False
225,7.5075,139,car,0.5141695737838745,303,50,343,76,False,False
225,7.5075,153,car,0.46098989248275757,369,49,406,72,False,False
225,7.5075,155,car,0.7878226041793823,749,349,896,488,True,True
225,7.5075,176,car,0.8171221017837524,591,237,682,319,False,False
225,7.5075,174,car,0.7559254765510559,829,124,883,166,False,False
225,7.5075,192,car,0.6615367531776428,718,73,754,101,False,False
225,7.5075,197,car,0.6584431529045105,645,117,696,156,False,False
225,7.5075,202,bus,0.5127726197242737,871,27,935,88,False,False
225,7.5075,206,car,0.5980951189994812,763,57,789,77,False,False
225,7.5075,207,car,0.4495254158973694,666,88,699,123,False,False
226,7.540866666666667,117,car,0.6871784329414368,54,76,137,120,False,False
226,7.540866666666667,131,car,0.6659576296806335,231,59,282,93,False,False
226,7.540866666666667,139,car,0.5076498985290527,303,50,343,76,False,False
226,7.540866666666667,153,car,0.45719239115715027,368,49,407,73,False,False
226,7.540866666666667,155,car,0.813072681427002,752,370,909,521,True,True
226,7.540866666666667,176,car,0.8073252439498901,585,249,680,335,False,False
226,7.540866666666667,174,car,0.7222248911857605,835,130,888,170,False,False
226,7.540866666666667,192,car,0.7054017186164856,718,73,756,103,False,False
226,7.540866666666667,197,car,0.5608775615692139,645,120,696,159,False,False
226,7.540866666666667,202,bus,0.6896018981933594,872,27,937,89,False,False
226,7.540866666666667,206,car,0.5864144563674927,764,57,791,77,False,False
226,7.540866666666667,207,car,0.4498673379421234,668,91,699,124,False,False
226,7.540866666666667,170,car,0.26959970593452454,635,112,696,159,False,False
227,7.574233333333334,117,car,0.7114587426185608,54,76,137,120,False,False
227,7.574233333333334,131,car,0.6417749524116516,231,59,282,93,False,False
227,7.574233333333334,139,car,0.5408062934875488,303,50,343,76,False,False
227,7.574233333333334,153,car,0.502352237701416,368,49,408,75,False,False
227,7.574233333333334,155,car,0.8582976460456848,756,393,926,558,True,True
227,7.574233333333334,176,car,0.8293854594230652,578,261,679,353,False,False
227,7.574233333333334,174,car,0.7690789103507996,839,134,893,175,False,False
227,7.574233333333334,192,car,0.7062839269638062,720,74,758,105,False,False
227,7.574233333333334,197,car,0.5607828497886658,644,121,697,162,False,False
227,7.574233333333334,202,bus,0.6372495889663696,872,27,940,90,False,False
227,7.574233333333334,206,car,0.5231324434280396,766,58,793,78,False,False
227,7.574233333333334,207,car,0.4499550461769104,668,93,700,127,False,False
227,7.574233333333334,170,car,0.31094419956207275,633,113,696,161,False,False
228,7.6076,117,car,0.703768253326416,53,76,137,121,False,False
228,7.6076,131,car,0.6487098932266235,231,59,282,93,False,False
228,7.6076,139,car,0.5282067656517029,303,50,343,77,False,False
228,7.6076,153,car,0.48718005418777466,368,49,409,75,False,False
228,7.6076,155,car,0.8502548933029175,757,419,946,605,True,True
228,7.6076,176,car,0.8086487054824829,570,275,676,372,False,False
228,7.6076,174,car,0.7882223725318909,842,136,899,180,False,False
228,7.6076,192,car,0.7440842390060425,721,77,758,107,False,False
228,7.6076,197,car,0.5785137414932251,645,124,698,166,False,False
228,7.6076,202,bus,0.6143261790275574,874,28,942,91,False,False
228,7.6076,206,car,0.3286905884742737,768,57,796,79,False,False
228,7.6076,207,car,0.4186045825481415,667,93,701,129,False,False
229,7.6409666666666665,117,car,0.7079395651817322,53,76,137,121,False,False
229,7.6409666666666665,131,car,0.6507086753845215,232,59,282,93,False,False
229,7.6409666666666665,139,car,0.5550059080123901,303,50,344,77,False,False
229,7.6409666666666665,153,car,0.46313199400901794,368,49,408,75,False,False
229,7.6409666666666665,155,car,0.8307392597198486,760,446,972,658,True,True
229,7.6409666666666665,176,car,0.8054025769233704,562,290,674,394,True,True
229,7.6409666666666665,174,car,0.7301017642021179,846,139,906,186,False,False
229,7.6409666666666665,192,car,0.7169826030731201,721,78,759,109,False,False
229,7.6409666666666665,197,car,0.6125447750091553,645,128,698,170,False,False
229,7.6409666666666665,202,bus,0.5866979956626892,874,27,946,94,False,False
229,7.6409666666666665,206,car,0.47454923391342163,769,57,798,81,False,False
229,7.6409666666666665,207,car,0.4992586672306061,666,95,701,132,False,False
229,7.6409666666666665,158,car,0.26276183128356934,646,39,676,67,False,False
230,7.674333333333333,117,car,0.7048024535179138,53,76,137,121,False,False
230,7.674333333333333,131,car,0.6360940337181091,232,59,283,93,False,False
230,7.674333333333333,139,car,0.5776323676109314,304,51,344,77,False,False
230,7.674333333333333,153,car,0.44082096219062805,369,50,408,74,False,False
230,7.674333333333333,155,car,0.7786427736282349,771,480,991,702,True,True
230,7.674333333333333,176,car,0.7982861399650574,553,307,671,417,True,True
230,7.674333333333333,174,car,0.7316982746124268,851,144,913,192,False,False
230,7.674333333333333,192,car,0.6867373585700989,724,80,760,110,False,False
230,7.674333333333333,197,car,0.7077401876449585,645,132,697,173,False,False
230,7.674333333333333,202,bus,0.4615059792995453,875,27,951,97,False,False
230,7.674333333333333,206,car,0.5848221778869629,769,57,801,82,False,False
230,7.674333333333333,207,car,0.5854503512382507,666,97,701,134,False,False
231,7.7077,117,car,0.7072660326957703,52,76,138,122,False,False
231,7.7077,131,car,0.6117826104164124,233,60,282,93,False,False
231,7.7077,139,car,0.5675674080848694,304,51,344,78,False,False
231,7.7077,153,car,0.4367084205150604,370,50,408,75,False,False
231,7.7077,155,car,0.4694164991378784,794,515,999,718,True,True
231,7.7077,176,car,0.7779541015625,543,327,669,445,True,True
231,7.7077,174,car,0.8122169375419617,855,148,920,198,False,False
231,7.7077,192,car,0.7497935891151428,725,82,762,112,False,False
231,7.7077,197,car,0.6580835580825806,645,134,698,176,False,False
231,7.7077,202,bus,0.4337426424026489,879,28,955,98,False,False
231,7.7077,206,car,0.6372218132019043,771,58,801,82,False,False
231,7.7077,207,car,0.46697670221328735,665,100,700,136,False,False
231,7.7077,158,car,0.2615281939506531,648,40,676,66,False,False
232,7.741066666666667,117,car,0.7069395184516907,52,76,137,122,False,False
232,7.741066666666667,131,car,0.6131411194801331,233,60,282,93,False,False
232,7.741066666666667,139,car,0.6126187443733215,304,51,344,78,False,False
232,7.741066666666667,153,car,0.45186150074005127,370,50,409,76,False,False
232,7.741066666666667,176,car,0.8655267953872681,531,347,667,477,True,True
232,7.741066666666667,174,car,0.6893071532249451,860,151,928,205,False,False
232,7.741066666666667,192,car,0.7472141981124878,726,83,764,114,False,False
232,7.741066666666667,197,car,0.6284773945808411,645,137,699,181,False,False
232,7.741066666666667,206,car,0.6548833250999451,771,59,803,84,False,False
232,7.741066666666667,207,car,0.5004878640174866,664,100,701,139,False,False
232,7.741066666666667,212,car,0.3917334973812103,638,83,672,110,False,False
232,7.741066666666667,158,car,0.33210718631744385,649,40,676,65,False,False
233,7.7744333333333335,117,car,0.7034643292427063,52,76,138,122,False,False
233,7.7744333333333335,131,car,0.6192575693130493,233,60,283,93,False,False
233,7.7744333333333335,139,car,0.6229182481765747,305,52,344,78,False,False
233,7.7744333333333335,153,car,0.4377972185611725,370,50,409,76,False,False
233,7.7744333333333335,176,car,0.838645339012146,516,372,664,513,True,True
233,7.7744333333333335,174,car,0.7023844718933105,865,158,935,212,False,False
233,7.7744333333333335,192,car,0.6479772925376892,727,85,765,117,False,False
233,7.7744333333333335,197,car,0.6061582565307617,643,138,700,184,False,False
233,7.7744333333333335,206,car,0.5862373113632202,773,60,805,85,False,False
233,7.7744333333333335,207,car,0.4461979866027832,664,102,701,140,False,False
233,7.7744333333333335,212,car,0.4567779302597046,637,84,672,112,False,False
233,7.7744333333333335,158,car,0.3249717950820923,649,41,676,65,False,False
234,7.8078,117,car,0.7120494246482849,53,76,138,122,False,False
234,7.8078,131,car,0.6154156923294067,233,60,283,93,False,False
234,7.8078,139,car,0.6257240176200867,305,52,344,78,False,False
234,7.8078,153,car,0.44729071855545044,370,50,409,76,False,False
234,7.8078,176,car,0.8811498284339905,501,399,660,554,True,True
234,7.8078,174,car,0.7431598901748657,871,164,943,219,False,False
234,7.8078,192,car,0.6558891534805298,727,87,767,119,False,False
234,7.8078,197,car,0.5729663372039795,643,143,699,189,False,False
234,7.8078,206,car,0.5810630917549133,775,62,807,87,False,False
234,7.8078,207,car,0.40576425194740295,663,105,701,144,False,False
234,7.8078,212,car,0.5505203604698181,637,87,671,114,False,False
234,7.8078,158,car,0.36808711290359497,650,41,676,65,False,False
234,7.8078,216,car,0.371458500623703,674,61,707,88,False,False
235,7.841166666666667,117,car,0.7128723859786987,53,76,138,122,False,False
235,7.841166666666667,131,car,0.6043683290481567,233,60,283,93,False,False
235,7.841166666666667,139,car,0.612690269947052,305,52,344,78,False,False
235,7.841166666666667,153,car,0.43778425455093384,371,51,409,76,False,False
235,7.841166666666667,176,car,0.8796989917755127,480,430,657,603,True,True
235,7.841166666666667,174,car,0.8187685608863831,877,169,951,227,False,False
235,7.841166666666667,192,car,0.6172665357589722,727,88,768,122,False,False
235,7.841166666666667,197,car,0.6122207641601562,643,147,699,193,False,False
235,7.841166666666667,206,car,0.6082596778869629,778,65,808,88,False,False
235,7.841166666666667,207,car,0.3815769851207733,662,107,701,147,False,False
235,7.841166666666667,212,car,0.5197607278823853,633,86,672,117,False,False
235,7.841166666666667,158,car,0.2973099946975708,651,41,678,65,False,False
236,7.874533333333334,117,car,0.7117114067077637,53,76,138,122,False,False
236,7.874533333333334,131,car,0.6058635711669922,233,60,284,93,False,False
236,7.874533333333334,139,car,0.6124089956283569,305,52,344,78,False,False
236,7.874533333333334,153,car,0.4355272650718689,371,51,408,76,False,False
236,7.874533333333334,176,car,0.8636636734008789,456,465,655,664,True,True
236,7.874533333333334,174,car,0.7340439558029175,884,176,958,234,False,False
236,7.874533333333334,192,car,0.676543653011322,727,89,770,125,False,False
236,7.874533333333334,197,car,0.666049599647522,642,149,700,198,False,False
236,7.874533333333334,206,car,0.6145051717758179,779,66,811,91,False,False
236,7.874533333333334,207,car,0.470686137676239,662,109,701,149,False,False
236,7.874533333333334,212,car,0.5788636803627014,632,88,671,119,False,False
236,7.874533333333334,158,car,0.41207462549209595,651,41,679,66,False,False
237,7.9079,117,car,0.7130843997001648,53,76,138,122,False,False
237,7.9079,131,car,0.6169111728668213,233,60,284,93,False,False
237,7.9079,139,car,0.5997739434242249,306,52,344,78,False,False
237,7.9079,153,car,0.4538476765155792,371,51,408,76,False,False
237,7.9079,176,car,0.624123752117157,440,508,639,705,True,True
237,7.9079,174,car,0.7653383612632751,890,183,967,243,False,False
237,7.9079,192,car,0.688194215297699,728,91,771,127,False,False
237,7.9079,197,car,0.5932673215866089,642,154,700,203,False,False
237,7.9079,206,car,0.6239795684814453,781,66,813,92,False,False
237,7.9079,207,car,0.5224521160125732,660,111,701,152,False,False
237,7.9079,212,car,0.49460968375205994,631,90,670,121,False,False
237,7.9079,158,car,0.4169915020465851,651,40,679,66,False,False
237,7.9079,202,bus,0.32130134105682373,896,32,976,104,False,False
238,7.9412666666666665,117,car,0.7192345857620239,54,76,137,121,False,False
238,7.9412666666666665,131,car,0.6076648831367493,233,61,284,93,False,False
238,7.9412666666666665,139,car,0.5898886322975159,306,53,344,78,False,False
238,7.9412666666666665,153,car,0.4628731310367584,371,51,408,77,False,False
238,7.9412666666666665,176,car,0.6382855772972107,443,562,611,720,True,True
238,7.9412666666666665,174,car,0.7570480704307556,896,190,976,252,False,False
238,7.9412666666666665,192,car,0.6684752106666565,729,93,772,129,False,False
238,7.9412666666666665,197,car,0.6470634937286377,641,159,699,208,False,False
238,7.9412666666666665,206,car,0.6082257628440857,782,67,815,94,False,False
238,7.9412666666666665,207,car,0.5921593904495239,659,112,700,154,False,False
238,7.9412666666666665,212,car,0.45168617367744446,630,91,670,123,False,False
238,7.9412666666666665,158,car,0.3245931565761566,651,41,680,67,False,False
238,7.9412666666666665,202,bus,0.32199713587760925,886,28,974,105,False,False
239,7.974633333333333,117,car,0.7173006534576416,54,76,137,121,False,False
239,7.974633333333333,131,car,0.6116795539855957,233,61,284,93,False,False
239,7.974633333333333,139,car,0.5870338082313538,306,53,344,78,False,False
239,7.974633333333333,153,car,0.47379714250564575,372,51,409,77,False,False
239,7.974633333333333,174,car,0.8861711025238037,903,196,987,262,False,False
239,7.974633333333333,192,car,0.7495489120483398,730,95,774,132,False,False
239,7.974633333333333,197,car,0.6901378035545349,640,161,700,213,False,False
239,7.974633333333333,206,car,0.685547411441803,783,68,817,95,False,False
239,7.974633333333333,207,car,0.6625469923019409,659,115,699,156,False,False
239,7.974633333333333,212,car,0.45367231965065,627,92,669,126,False,False
239,7.974633333333333,158,car,0.32493212819099426,651,41,680,67,False,False
239,7.974633333333333,202,bus,0.39889422059059143,876,22,975,106,False,False
240,8.008000000000001,117,car,0.7216313481330872,54,76,137,121,False,False
240,8.008000000000001,131,car,0.6057272553443909,233,61,284,93,False,False
240,8.008000000000001,139,car,0.5813846588134766,306,53,344,78,False,False
240,8.008000000000001,153,car,0.48514291644096375,372,51,409,77,False,False
240,8.008000000000001,174,car,0.7561092972755432,910,203,999,273,False,False
240,8.008000000000001,192,car,0.7774028778076172,730,95,775,134,False,False
240,8.008000000000001,197,car,0.6811583042144775,637,165,699,219,False,False
240,8.008000000000001,206,car,0.6899608373641968,785,69,818,96,False,False
240,8.008000000000001,207,car,0.5865025520324707,658,117,699,158,False,False
240,8.008000000000001,212,car,0.5327139496803284,626,94,668,128,False,False
240,8.008000000000001,158,car,0.33405736088752747,651,41,681,67,False,False
240,8.008000000000001,202,bus,0.38757699728012085,872,20,977,108,False,False
241,8.041366666666667,117,car,0.7142861485481262,53,76,137,121,False,False
241,8.041366666666667,131,car,0.6010958552360535,233,61,285,93,False,False
241,8.041366666666667,139,car,0.5769127011299133,306,53,344,78,False,False
241,8.041366666666667,153,car,0.4831133484840393,373,52,409,77,False,False
241,8.041366666666667,174,car,0.780579149723053,916,210,1010,285,False,False
241,8.041366666666667,192,car,0.7063995599746704,730,97,776,137,False,False
241,8.041366666666667,197,car,0.7328861951828003,634,167,699,224,False,False
241,8.041366666666667,206,car,0.6900864243507385,786,71,818,97,False,False
241,8.041366666666667,207,car,0.6188082098960876,656,118,698,161,False,False
241,8.041366666666667,212,car,0.612785279750824,624,96,666,129,False,False
241,8.041366666666667,158,car,0.2718510925769806,652,41,681,68,False,False
241,8.041366666666667,202,bus,0.2899690270423889,874,22,980,109,False,False
242,8.074733333333333,117,car,0.7119216918945312,53,76,137,122,False,False
242,8.074733333333333,131,car,0.6043359637260437,233,61,285,94,False,False
242,8.074733333333333,139,car,0.5806798934936523,306,53,344,78,False,False
242,8.074733333333333,153,car,0.4890807867050171,373,52,409,76,False,False
242,8.074733333333333,174,car,0.8384360671043396,924,219,1022,297,False,False
242,8.074733333333333,192,car,0.6301254630088806,732,102,776,140,False,False
242,8.074733333333333,197,car,0.7728956937789917,632,172,698,230,False,False
242,8.074733333333333,206,car,0.6679016351699829,787,71,820,99,False,False
242,8.074733333333333,207,car,0.6392563581466675,655,122,697,165,False,False
242,8.074733333333333,212,car,0.6667110919952393,622,97,664,131,False,False
242,8.074733333333333,158,car,0.2993113398551941,653,41,682,68,False,False
242,8.074733333333333,202,bus,0.26837313175201416,877,22,985,109,False,False
243,8.1081,117,car,0.7201309204101562,53,76,137,122,False,False
243,8.1081,131,car,0.6258561611175537,233,61,285,94,False,False
243,8.1081,139,car,0.5848357677459717,306,53,344,78,False,False
243,8.1081,153,car,0.4708807170391083,373,52,409,76,False,False
243,8.1081,174,car,0.815581738948822,933,228,1035,310,False,False
243,8.1081,192,car,0.5936219692230225,734,105,777,142,False,False
243,8.1081,197,car,0.7510225772857666,630,177,698,236,False,False
243,8.1081,206,car,0.6332451701164246,788,72,822,101,False,False
243,8.1081,207,car,0.5732293725013733,653,124,697,168,False,False
243,8.1081,212,car,0.6255173683166504,620,98,664,133,False,False
243,8.1081,158,car,0.2669876515865326,653,41,682,67,False,False
244,8.141466666666666,117,car,0.7204729318618774,53,76,137,122,False,False
244,8.141466666666666,131,car,0.6243985295295715,233,61,285,94,False,False
244,8.141466666666666,139,car,0.5846673250198364,306,53,345,78,False,False
244,8.141466666666666,153,car,0.49037855863571167,373,52,409,77,False,False
244,8.141466666666666,174,car,0.7551998496055603,943,238,1050,324,False,False
244,8.141466666666666,192,car,0.5761985778808594,735,108,778,145,False,False
244,8.141466666666666,197,car,0.8171316385269165,629,182,698,243,False,False
244,8.141466666666666,206,car,0.661558985710144,789,73,825,102,False,False
244,8.141466666666666,207,car,0.5749107003211975,652,127,696,171,False,False
244,8.141466666666666,212,car,0.6563934087753296,618,100,663,136,False,False
244,8.141466666666666,158,car,0.2687833607196808,653,41,682,68,False,False
245,8.174833333333334,117,car,0.7220777869224548,53,76,137,122,False,False
245,8.174833333333334,131,car,0.6149191856384277,233,61,285,94,False,False
245,8.174833333333334,139,car,0.5864017009735107,305,53,346,80,False,False
245,8.174833333333334,153,car,0.4844687879085541,373,52,409,77,False,False
245,8.174833333333334,174,car,0.6933538317680359,951,247,1067,340,False,False
245,8.174833333333334,192,car,0.6841204762458801,735,111,780,150,False,False
245,8.174833333333334,197,car,0.8140590786933899,627,186,698,250,False,False
245,8.174833333333334,206,car,0.6952282786369324,792,74,827,104,False,False
245,8.174833333333334,207,car,0.6363851428031921,651,129,696,174,False,False
245,8.174833333333334,212,car,0.6294772028923035,616,103,661,139,False,False
245,8.174833333333334,158,car,0.26887601613998413,653,41,682,68,False,False
246,8.2082,117,car,0.7156749367713928,53,76,137,122,False,False
246,8.2082,131,car,0.6075921654701233,233,61,285,94,False,False
246,8.2082,139,car,0.583594799041748,305,53,347,80,False,False
246,8.2082,153,car,0.48935365676879883,373,52,409,77,False,False
246,8.2082,174,car,0.7458867430686951,962,258,1085,357,False,False
246,8.2082,192,car,0.6714832782745361,736,114,782,154,False,False
246,8.2082,197,car,0.7975523471832275,624,192,698,258,False,False
246,8.2082,206,car,0.6887814402580261,792,76,828,106,False,False
246,8.2082,207,car,0.5967795848846436,647,131,696,180,False,False
246,8.2082,212,car,0.513418436050415,615,105,661,142,False,False
246,8.2082,158,car,0.2824312448501587,653,41,683,68,False,False
246,8.2082,228,car,0.36005842685699463,678,74,712,104,False,False
247,8.241566666666667,117,car,0.7116192579269409,52,76,137,122,False,False
247,8.241566666666667,131,car,0.6202495098114014,233,61,285,94,False,False
247,8.241566666666667,139,car,0.6039295792579651,305,53,347,81,False,False
247,8.241566666666667,153,car,0.5033925175666809,374,51,410,77,False,False
247,8.241566666666667,174,car,0.6161044239997864,972,270,1103,376,False,False
247,8.241566666666667,192,car,0.713844358921051,736,116,783,157,False,False
247,8.241566666666667,197,car,0.7988976836204529,622,198,696,265,False,False
247,8.241566666666667,206,car,0.6976626515388489,792,77,830,109,False,False
247,8.241566666666667,207,car,0.5629536509513855,645,134,694,183,False,False
247,8.241566666666667,212,car,0.5987293124198914,613,107,659,145,False,False
247,8.241566666666667,158,car,0.2951052188873291,654,41,683,68,False,False
247,8.241566666666667,228,car,0.427040696144104,677,74,712,104,False,False
248,8.274933333333333,117,car,0.7194063663482666,52,76,137,122,False,False
248,8.274933333333333,131,car,0.6287116408348083,233,61,285,94,False,False
248,8.274933333333333,139,car,0.6044508218765259,305,53,347,81,False,False
248,8.274933333333333,153,car,0.5143011212348938,374,52,410,77,False,False
248,8.274933333333333,174,car,0.6530849933624268,985,285,1124,398,True,True
248,8.274933333333333,192,car,0.7568041682243347,736,119,784,160,False,False
248,8.274933333333333,197,car,0.7625526189804077,619,205,695,273,False,False
248,8.274933333333333,206,car,0.7318398952484131,793,78,832,110,False,False
248,8.274933333333333,207,car,0.6173464059829712,641,138,692,187,False,False
248,8.274933333333333,212,car,0.5888299345970154,609,109,655,146,False,False
248,8.274933333333333,158,car,0.35408350825309753,654,41,684,68,False,False
248,8.274933333333333,228,car,0.42385634779930115,676,74,712,106,False,False
249,8.308300000000001,117,car,0.7217015027999878,52,76,137,122,False,False
249,8.308300000000001,131,car,0.6317365765571594,233,61,285,94,False,False
249,8.308300000000001,139,car,0.6129757761955261,305,53,347,81,False,False
249,8.308300000000001,153,car,0.5402871966362,374,52,410,77,False,False
249,8.308300000000001,174,car,0.7331754565238953,1000,300,1148,422,True,True
249,8.308300000000001,192,car,0.7069480419158936,736,122,786,165,False,False
249,8.308300000000001,197,car,0.763289749622345,616,211,695,282,False,False
249,8.308300000000001,206,car,0.681573212146759,795,78,834,112,False,False
249,8.308300000000001,207,car,0.6383992433547974,641,140,692,190,False,False
249,8.308300000000001,212,car,0.6919302940368652,606,111,653,149,False,False
249,8.308300000000001,158,car,0.36796844005584717,655,42,684,68,False,False
249,8.308300000000001,228,car,0.45559266209602356,674,75,712,108,False,False
250,8.341666666666667,117,car,0.7219939231872559,52,76,137,122,False,False
250,8.341666666666667,131,car,0.6254931092262268,233,61,285,94,False,False
250,8.341666666666667,139,car,0.6121349930763245,307,53,346,80,False,False
250,8.341666666666667,153,car,0.5349729657173157,374,52,410,77,False,False
250,8.341666666666667,174,car,0.7413775324821472,1016,317,1174,446,True,True
250,8.341666666666667,192,car,0.7300087809562683,738,125,786,168,False,False
250,8.341666666666667,197,car,0.7941021919250488,614,218,695,291,False,False
250,8.341666666666667,206,car,0.6197070479393005,797,81,835,113,False,False
250,8.341666666666667,207,car,0.6597803235054016,638,143,690,195,False,False
250,8.341666666666667,212,car,0.7380068898200989,602,112,652,153,False,False
250,8.341666666666667,158,car,0.3424581289291382,655,42,684,68,False,False
250,8.341666666666667,228,car,0.5008872747421265,673,78,711,110,False,False
251,8.375033333333333,117,car,0.7252042889595032,52,76,137,122,False,False
251,8.375033333333333,131,car,0.6265401244163513,233,61,285,94,False,False
251,8.375033333333333,139,car,0.609484076499939,306,53,347,80,False,False
251,8.375033333333333,153,car,0.5256136059761047,374,51,410,77,False,False
251,8.375033333333333,174,car,0.7494664192199707,1032,335,1204,476,True,True
251,8.375033333333333,192,car,0.7758995890617371,738,128,788,172,False,False
251,8.375033333333333,197,car,0.7401963472366333,609,224,694,302,False,False
251,8.375033333333333,206,car,0.6241411566734314,799,82,836,115,False,False
251,8.375033333333333,207,car,0.676202654838562,635,147,690,200,False,False
251,8.375033333333333,212,car,0.7307876944541931,599,113,652,156,False,False
251,8.375033333333333,158,car,0.3073309361934662,655,42,684,68,False,False
251,8.375033333333333,228,car,0.4857683777809143,674,80,710,112,False,False
252,8.4084,117,car,0.7200040817260742,52,76,137,123,False,False
252,8.4084,131,car,0.6211292743682861,233,61,285,94,False,False
252,8.4084,139,car,0.6046094298362732,306,53,347,81,False,False
252,8.4084,153,car,0.5188741087913513,374,52,410,77,False,False
252,8.4084,174,car,0.6998490691184998,1049,353,1239,511,True,True
252,8.4084,192,car,0.7785668969154358,738,131,789,176,False,False
252,8.4084,197,car,0.7508783340454102,605,231,693,312,False,False
252,8.4084,206,car,0.7094506025314331,801,85,838,117,False,False
252,8.4084,207,car,0.7207419872283936,632,151,688,205,False,False
252,8.4084,212,car,0.7668094038963318,597,115,650,159,False,False
252,8.4084,158,car,0.2966949939727783,655,43,683,68,False,False
252,8.4084,228,car,0.5447124242782593,672,79,711,113,False,False
253,8.441766666666666,117,car,0.7203880548477173,52,76,137,123,False,False
253,8.441766666666666,131,car,0.6124794483184814,233,61,285,94,False,False
253,8.441766666666666,139,car,0.6019787788391113,306,53,347,81,False,False
253,8.441766666666666,153,car,0.5180721282958984,374,51,410,77,False,False
253,8.441766666666666,174,car,0.8587625622749329,1066,376,1276,552,True,True
253,8.441766666666666,192,car,0.7324920892715454,738,134,792,181,False,False
253,8.441766666666666,197,car,0.7824878692626953,601,240,691,323,False,False
253,8.441766666666666,206,car,0.6784905195236206,803,87,839,119,False,False
253,8.441766666666666,207,car,0.7748033404350281,630,154,688,210,False,False
253,8.441766666666666,212,car,0.7833632826805115,595,118,648,161,False,False
253,8.441766666666666,158,car,0.29708051681518555,655,43,684,68,False,False
253,8.441766666666666,228,car,0.5644723176956177,669,77,711,114,False,False
254,8.475133333333334,117,car,0.7195180058479309,52,76,137,123,False,False
254,8.475133333333334,131,car,0.6073319911956787,233,61,285,94,False,False
254,8.475133333333334,139,car,0.5995621681213379,306,53,347,81,False,False
254,8.475133333333334,153,car,0.5209305286407471,374,51,410,77,False,False
254,8.475133333333334,174,car,0.8338695764541626,1076,403,1280,598,True,True
254,8.475133333333334,192,car,0.6879569292068481,738,137,794,187,False,False
254,8.475133333333334,197,car,0.7760556936264038,597,248,692,335,False,False
254,8.475133333333334,206,car,0.6449419260025024,803,88,841,121,False,False
254,8.475133333333334,207,car,0.7686237096786499,629,157,688,215,False,False
254,8.475133333333334,212,car,0.7470639944076538,591,120,645,164,False,False
254,8.475133333333334,158,car,0.2626229226589203,655,43,683,68,False,False
254,8.475133333333334,228,car,0.5596330761909485,668,77,711,116,False,False
255,8.5085,117,car,0.7183248996734619,52,76,137,123,False,False
255,8.5085,131,car,0.6142934560775757,233,61,285,94,False,False
255,8.5085,139,car,0.601422905921936,306,53,347,81,False,False
255,8.5085,153,car,0.532404363155365,374,52,410,77,False,False
255,8.5085,174,car,0.8777487277984619,1085,434,1280,651,True,True
255,8.5085,192,car,0.6883327960968018,739,141,796,192,False,False
255,8.5085,197,car,0.6828183531761169,592,256,690,348,False,False
255,8.5085,206,car,0.6246107816696167,805,91,844,125,False,False
255,8.5085,207,car,0.6875662207603455,625,161,687,221,False,False
255,8.5085,212,car,0.6290916800498962,588,124,641,168,False,False
255,8.5085,158,car,0.3126893639564514,655,43,683,68,False,False
255,8.5085,228,car,0.5844454765319824,669,83,709,118,False,False
256,8.541866666666667,117,car,0.7148890495300293,52,76,137,123,False,False
256,8.541866666666667,131,car,0.6174639463424683,233,61,285,94,False,False
256,8.541866666666667,139,car,0.6082247495651245,306,53,347,81,False,False
256,8.541866666666667,153,car,0.5293901562690735,375,52,410,77,False,False
256,8.541866666666667,174,car,0.7223040461540222,1102,467,1280,700,True,True
256,8.541866666666667,192,car,0.7026899456977844,738,144,799,197,False,False
256,8.541866666666667,197,car,0.6669397354125977,588,268,689,363,False,False
256,8.541866666666667,206,car,0.5975056886672974,807,93,847,127,False,False
256,8.541866666666667,207,car,0.6448876857757568,621,164,685,226,False,False
256,8.541866666666667,212,car,0.6428976655006409,582,127,637,172,False,False
256,8.541866666666667,158,car,0.3002493679523468,655,43,683,68,False,False
256,8.541866666666667,228,car,0.44456174969673157,665,79,711,121,False,False
257,8.575233333333333,117,car,0.7160009145736694,52,76,137,123,False,False
257,8.575233333333333,131,car,0.6080987453460693,233,61,286,94,False,False
257,8.575233333333333,139,car,0.6072759628295898,306,53,347,81,False,False
257,8.575233333333333,153,car,0.5382411479949951,375,52,410,77,False,False
257,8.575233333333333,192,car,0.7493191361427307,739,147,801,203,False,False
257,8.575233333333333,197,car,0.7574110627174377,583,278,688,378,True,True
257,8.575233333333333,206,car,0.7490098476409912,808,95,848,130,False,False
257,8.575233333333333,207,car,0.6326406002044678,620,169,683,230,False,False
257,8.575233333333333,212,car,0.6676315665245056,578,128,635,175,False,False
257,8.575233333333333,158,car,0.32887035608291626,655,43,682,68,False,False
257,8.575233333333333,228,car,0.5164517760276794,664,80,711,122,False,False
257,8.575233333333333,230,car,0.5087546110153198,670,93,709,122,False,False
258,8.608600000000001,117,car,0.7178052663803101,52,76,138,123,False,False
258,8.608600000000001,131,car,0.6136137247085571,233,61,286,94,False,False
258,8.608600000000001,139,car,0.6082890033721924,306,53,347,81,False,False
258,8.608600000000001,153,car,0.5405952334403992,375,52,410,77,False,False
258,8.608600000000001,192,car,0.7389903664588928,740,151,804,208,False,False
258,8.608600000000001,197,car,0.7581376433372498,575,288,687,395,True,True
258,8.608600000000001,206,car,0.7297297716140747,808,95,851,133,False,False
258,8.608600000000001,207,car,0.6466680765151978,615,171,682,236,False,False
258,8.608600000000001,212,car,0.6476096510887146,576,132,632,179,False,False
258,8.608600000000001,158,car,0.31302133202552795,655,43,682,68,False,False
258,8.608600000000001,228,car,0.4647272825241089,664,82,710,124,False,False
258,8.608600000000001,230,car,0.5017220377922058,668,93,710,124,False,False
259,8.641966666666667,117,car,0.7164505124092102,52,76,138,123,False,False
259,8.641966666666667,131,car,0.6122025847434998,233,61,286,94,False,False
259,8.641966666666667,139,car,0.6145544052124023,307,53,346,80,False,False
259,8.641966666666667,153,car,0.5509093403816223,375,52,410,77,False,False
259,8.641966666666667,192,car,0.7366068363189697,741,156,805,214,False,False
259,8.641966666666667,197,car,0.6800166964530945,567,300,685,412,True,True
259,8.641966666666667,206,car,0.7214698791503906,810,97,853,135,False,False
259,8.641966666666667,207,car,0.7183442115783691,612,176,681,243,False,False
259,8.641966666666667,212,car,0.6997330188751221,573,135,629,182,False,False
259,8.641966666666667,158,car,0.2869848310947418,655,43,682,68,False,False
259,8.641966666666667,230,car,0.6278852820396423,666,93,711,126,False,False
260,8.675333333333333,117,car,0.7173291444778442,52,76,137,123,False,False
260,8.675333333333333,131,car,0.6007512211799622,233,61,286,94,False,False
260,8.675333333333333,139,car,0.6119942665100098,307,53,346,80,False,False
260,8.675333333333333,153,car,0.547777533531189,375,52,410,77,False,False
260,8.675333333333333,192,car,0.7592647075653076,742,161,808,221,False,False
260,8.675333333333333,197,car,0.813541054725647,561,313,683,430,True,True
260,8.675333333333333,206,car,0.617834210395813,812,100,855,137,False,False
260,8.675333333333333,207,car,0.6480807662010193,608,181,680,251,False,False
260,8.675333333333333,212,car,0.6534306406974792,567,139,625,188,False,False
260,8.675333333333333,158,car,0.2725412845611572,655,44,682,67,False,False
260,8.675333333333333,230,car,0.6603355407714844,665,93,711,128,False,False
260,8.675333333333333,228,car,0.3285404443740845,661,90,704,128,False,False
261,8.7087,117,car,0.7103967666625977,52,76,138,123,False,False
261,8.7087,131,car,0.5923891067504883,233,61,286,94,False,False
261,8.7087,139,car,0.6122121810913086,307,54,346,80,False,False
261,8.7087,153,car,0.5466428399085999,375,52,410,77,False,False
261,8.7087,192,car,0.807773232460022,742,164,811,228,False,False
261,8.7087,197,car,0.8037511110305786,554,326,682,450,True,True
261,8.7087,206,car,0.6971065402030945,814,102,859,141,False,False
261,8.7087,207,car,0.7649399042129517,604,184,679,259,False,False
261,8.7087,212,car,0.7376222610473633,563,142,622,191,False,False
261,8.7087,158,car,0.2956468462944031,655,44,682,67,False,False
261,8.7087,230,car,0.6764028668403625,663,93,711,129,False,False
261,8.7087,228,car,0.3679816424846649,659,91,704,129,False,False
262,8.742066666666666,117,car,0.7135058045387268,53,76,137,123,False,False
262,8.742066666666666,131,car,0.5812984108924866,233,61,286,94,False,False
262,8.742066666666666,139,car,0.6176626086235046,307,53,346,79,False,False
262,8.742066666666666,153,car,0.5580459237098694,375,52,410,77,False,False
262,8.742066666666666,192,car,0.847510814666748,744,170,814,235,False,False
262,8.742066666666666,197,car,0.7576378583908081,544,342,681,475,True,True
262,8.742066666666666,206,car,0.8352737426757812,816,104,862,144,False,False
262,8.742066666666666,207,car,0.7366792559623718,600,190,676,265,False,False
262,8.742066666666666,212,car,0.768136739730835,558,145,618,195,False,False
262,8.742066666666666,158,car,0.3348279893398285,655,44,682,67,False,False
262,8.742066666666666,230,car,0.7051899433135986,663,95,710,131,False,False
262,8.742066666666666,228,car,0.37548908591270447,657,92,703,131,False,False
263,8.775433333333334,117,car,0.7161213159561157,53,76,137,123,False,False
263,8.775433333333334,131,car,0.5798861384391785,233,61,286,93,False,False
263,8.775433333333334,139,car,0.6193578243255615,307,53,346,79,False,False
263,8.775433333333334,153,car,0.5500069260597229,375,51,410,76,False,False
263,8.775433333333334,192,car,0.7614716291427612,744,175,816,243,False,False
263,8.775433333333334,197,car,0.7842110991477966,534,358,682,503,True,True
263,8.775433333333334,206,car,0.7644070982933044,818,106,865,147,False,False
263,8.775433333333334,207,car,0.6883382797241211,596,194,675,272,False,False
263,8.775433333333334,212,car,0.8049311637878418,552,149,616,201,False,False
263,8.775433333333334,158,car,0.35782650113105774,655,43,682,67,False,False
263,8.775433333333334,230,car,0.6459071636199951,661,96,710,134,False,False
263,8.775433333333334,228,car,0.3330475091934204,655,94,702,133,False,False
263,8.775433333333334,236,car,0.4423064589500427,732,62,761,84,False,False
264,8.8088,117,car,0.7057668566703796,53,76,137,122,False,False
264,8.8088,131,car,0.5750786066055298,233,60,286,93,False,False
264,8.8088,139,car,0.6247990727424622,307,53,346,79,False,False
264,8.8088,153,car,0.555134117603302,375,51,410,76,False,False
264,8.8088,192,car,0.6362228989601135,744,178,819,250,False,False
264,8.8088,197,car,0.6894938349723816,523,376,681,532,True,True
264,8.8088,206,car,0.7146673798561096,820,108,869,150,False,False
264,8.8088,207,car,0.670796275138855,592,200,673,280,False,False
264,8.8088,212,car,0.8431715965270996,548,152,613,206,False,False
264,8.8088,158,car,0.3536372482776642,655,44,682,67,False,False
264,8.8088,230,car,0.5933085680007935,662,100,708,136,False,False
264,8.8088,228,car,0.31213125586509705,654,97,702,136,False,False
264,8.8088,236,car,0.45744359493255615,732,63,761,84,False,False
265,8.842166666666667,117,car,0.691480815410614,53,76,137,123,False,False
265,8.842166666666667,131,car,0.558870255947113,233,60,286,93,False,False
265,8.842166666666667,139,car,0.5940224528312683,307,52,346,79,False,False
265,8.842166666666667,153,car,0.5441678762435913,375,51,410,76,False,False
265,8.842166666666667,192,car,0.761827826499939,745,184,823,260,False,False
265,8.842166666666667,197,car,0.7642076015472412,510,396,680,566,True,True
265,8.842166666666667,206,car,0.7392153739929199,824,111,872,153,False,False
265,8.842166666666667,207,car,0.5076282024383545,588,206,671,289,False,False
265,8.842166666666667,212,car,0.7525396943092346,541,156,608,211,False,False
265,8.842166666666667,158,car,0.3599987328052521,656,43,683,67,False,False
265,8.842166666666667,228,car,0.640296220779419,656,102,701,138,False,False
265,8.842166666666667,236,car,0.5205614566802979,733,64,762,86,False,False
266,8.875533333333333,117,car,0.6815584897994995,53,76,137,123,False,False
266,8.875533333333333,131,car,0.5448008179664612,233,60,286,93,False,False
266,8.875533333333333,139,car,0.6060382127761841,306,52,346,78,False,False
266,8.875533333333333,153,car,0.521403431892395,374,51,409,76,False,False
266,8.875533333333333,192,car,0.6806448101997375,745,190,827,269,False,False
266,8.875533333333333,197,car,0.822269856929779,497,418,679,603,True,True
266,8.875533333333333,206,car,0.7642766237258911,826,114,874,156,False,False
266,8.875533333333333,207,car,0.5388840436935425,585,213,669,297,False,False
266,8.875533333333333,212,car,0.7505047917366028,535,159,604,217,False,False
266,8.875533333333333,158,car,0.3586214780807495,655,43,683,67,False,False
266,8.875533333333333,228,car,0.6014165878295898,657,104,702,141,False,False
266,8.875533333333333,236,car,0.40830251574516296,735,67,762,87,False,False
266,8.875533333333333,216,car,0.3219898045063019,678,61,713,90,False,False
267,8.908900000000001,117,car,0.671403706073761,53,76,137,122,False,False
267,8.908900000000001,131,car,0.5455828309059143,232,59,287,93,False,False
267,8.908900000000001,139,car,0.5801771283149719,305,51,348,79,False,False
267,8.908900000000001,153,car,0.4887610673904419,375,51,409,75,False,False
267,8.908900000000001,192,car,0.6250395178794861,747,197,831,277,False,False
267,8.908900000000001,197,car,0.7854729294776917,480,443,678,645,True,True
267,8.908900000000001,206,car,0.8032225966453552,828,117,877,160,False,False
267,8.908900000000001,207,car,0.5423080921173096,582,221,667,306,False,False
267,8.908900000000001,212,car,0.7067298889160156,529,163,599,222,False,False
267,8.908900000000001,158,car,0.3644660413265228,655,42,683,67,False,False
267,8.908900000000001,228,car,0.6303281784057617,656,105,703,143,False,False
267,8.908900000000001,236,car,0.4757145643234253,736,68,763,87,False,False
267,8.908900000000001,216,car,0.44349750876426697,679,66,710,91,False,False
268,8.942266666666667,117,car,0.6592775583267212,53,76,137,122,False,False
268,8.942266666666667,131,car,0.5433182716369629,232,58,287,93,False,False
268,8.942266666666667,139,car,0.5618879199028015,305,50,348,80,False,False
268,8.942266666666667,153,car,0.4985783100128174,375,50,409,75,False,False
268,8.942266666666667,192,car,0.7056334018707275,747,202,836,289,False,False
268,8.942266666666667,197,car,0.7904427647590637,460,470,675,694,True,True
268,8.942266666666667,206,car,0.8529223203659058,830,120,881,163,False,False
268,8.942266666666667,207,car,0.5237571001052856,575,226,665,317,False,False
268,8.942266666666667,212,car,0.7087568044662476,522,167,594,227,False,False
268,8.942266666666667,158,car,0.31762149930000305,655,42,683,66,False,False
268,8.942266666666667,228,car,0.620113730430603,655,106,703,144,False,False
268,8.942266666666667,236,car,0.5194182991981506,736,69,763,89,False,False
268,8.942266666666667,216,car,0.4544861912727356,678,65,711,91,False,False
269,8.975633333333333,117,car,0.680746853351593,53,76,137,122,False,False
269,8.975633333333333,131,car,0.5989893078804016,232,58,287,92,False,False
269,8.975633333333333,139,car,0.5932174921035767,304,50,348,80,False,False
269,8.975633333333333,153,car,0.5078555941581726,375,50,409,74,False,False
269,8.975633333333333,192,car,0.6688566207885742,749,210,840,300,False,False
269,8.975633333333333,197,car,0.7851464152336121,452,500,661,717,True,True
269,8.975633333333333,206,car,0.7224243879318237,832,121,886,167,False,False
269,8.975633333333333,207,car,0.5200944542884827,570,234,662,327,False,False
269,8.975633333333333,212,car,0.6964931488037109,515,171,591,234,False,False
269,8.975633333333333,158,car,0.3311161994934082,655,41,684,66,False,False
269,8.975633333333333,228,car,0.6392239928245544,655,108,702,146,False,False
269,8.975633333333333,236,car,0.5734137296676636,735,68,765,89,False,False
269,8.975633333333333,216,car,0.4474305212497711,678,65,710,92,False,False
270,9.009,117,car,0.6857069730758667,53,76,137,122,False,False
270,9.009,131,car,0.6191351413726807,232,57,287,92,False,False
270,9.009,139,car,0.598139226436615,304,49,349,79,False,False
270,9.009,153,car,0.5276337265968323,375,50,409,74,False,False
270,9.009,192,car,0.7856727242469788,752,218,844,310,False,False
270,9.009,197,car,0.72767174243927,453,535,641,720,True,True
270,9.009,206,car,0.6760981678962708,836,124,890,171,False,False
270,9.009,207,car,0.6239112019538879,565,240,661,338,False,False
270,9.009,212,car,0.739122211933136,508,175,586,240,False,False
270,9.009,158,car,0.3818700313568115,654,39,684,65,False,False
270,9.009,228,car,0.7664449214935303,655,110,703,149,False,False
270,9.009,236,car,0.507874071598053,734,67,765,91,False,False
270,9.009,216,car,0.4434528648853302,678,67,709,92,False,False
271,9.042366666666666,117,car,0.6817677617073059,52,75,136,122,False,False
271,9.042366666666666,131,car,0.6261358261108398,231,57,287,92,False,False
271,9.042366666666666,139,car,0.6117425560951233,305,49,348,79,False,False
271,9.042366666666666,153,car,0.5202350616455078,376,49,410,74,False,False
271,9.042366666666666,192,car,0.6863583922386169,751,227,850,325,False,False
271,9.042366666666666,197,car,0.5841516852378845,462,577,620,720,True,True
271,9.042366666666666,206,car,0.6831421852111816,838,126,895,175,False,False
271,9.042366666666666,207,car,0.5309827327728271,559,248,659,349,False,False
271,9.042366666666666,212,car,0.6173807382583618,500,179,580,247,False,False
271,9.042366666666666,158,car,0.35177668929100037,655,39,684,65,False,False
271,9.042366666666666,228,car,0.7217447757720947,655,112,703,151,False,False
271,9.042366666666666,236,car,0.4716825485229492,734,69,766,92,False,False
271,9.042366666666666,216,car,0.43035513162612915,678,68,709,93,False,False
272,9.075733333333334,117,car,0.6930153965950012,53,74,137,120,False,False
272,9.075733333333334,131,car,0.631698727607727,232,57,287,92,False,False
272,9.075733333333334,139,car,0.609405517578125,304,48,348,78,False,False
272,9.075733333333334,153,car,0.5120888948440552,376,49,410,73,False,False
272,9.075733333333334,192,car,0.6984410285949707,753,237,855,339,False,False
272,9.075733333333334,206,car,0.831412672996521,841,130,899,179,False,False
272,9.075733333333334,207,car,0.5324608683586121,553,259,656,363,False,False
272,9.075733333333334,212,car,0.600050687789917,492,185,574,253,False,False
272,9.075733333333334,158,car,0.3353227972984314,655,39,684,65,False,False
272,9.075733333333334,228,car,0.7330487966537476,654,114,702,154,False,False
272,9.075733333333334,236,car,0.5640202164649963,734,69,767,94,False,False
272,9.075733333333334,216,car,0.3807391822338104,677,69,709,94,False,False
273,9.1091,117,car,0.7279950380325317,54,74,137,120,False,False
273,9.1091,131,car,0.627973198890686,232,56,287,91,False,False
273,9.1091,139,car,0.6160539388656616,304,48,348,78,False,False
273,9.1091,153,car,0.5300701856613159,376,49,411,73,False,False
273,9.1091,192,car,0.769453763961792,754,246,863,355,False,False
273,9.1091,206,car,0.7631486058235168,844,133,904,185,False,False
273,9.1091,207,car,0.643224835395813,544,267,653,379,False,False
273,9.1091,212,car,0.6862325072288513,483,191,567,261,False,False
273,9.1091,158,car,0.3470005989074707,655,39,683,64,False,False
273,9.1091,228,car,0.7623459100723267,654,117,702,157,False,False
273,9.1091,236,car,0.6044753193855286,734,69,769,95,False,False
273,9.1091,216,car,0.3735201954841614,677,71,708,95,False,False
274,9.142466666666667,117,car,0.7433873414993286,54,74,138,120,False,False
274,9.142466666666667,131,car,0.6370360851287842,232,56,287,91,False,False
274,9.142466666666667,139,car,0.6102110743522644,305,48,348,78,False,False
274,9.142466666666667,153,car,0.5372923016548157,376,48,411,72,False,False
274,9.142466666666667,192,car,0.7303716540336609,755,256,870,372,False,False
274,9.142466666666667,206,car,0.7096815705299377,847,136,909,189,False,False
274,9.142466666666667,207,car,0.6398321986198425,536,277,652,394,False,False
274,9.142466666666667,212,car,0.6454815864562988,474,196,562,270,False,False
274,9.142466666666667,158,car,0.37095746397972107,655,39,683,64,False,False
274,9.142466666666667,228,car,0.6600832343101501,655,119,702,159,False,False
274,9.142466666666667,236,car,0.5875985622406006,734,70,769,95,False,False
274,9.142466666666667,216,car,0.3772820830345154,677,71,708,95,False,False
275,9.175833333333333,117,car,0.7316579818725586,54,73,138,119,False,False
275,9.175833333333333,131,car,0.6301783919334412,232,56,286,91,False,False
275,9.175833333333333,139,car,0.5748552680015564,305,48,348,77,False,False
275,9.175833333333333,153,car,0.4819195568561554,376,48,411,72,False,False
275,9.175833333333333,192,car,0.6367215514183044,756,268,879,392,True,True
275,9.175833333333333,206,car,0.7323012351989746,850,139,915,195,False,False
275,9.175833333333333,207,car,0.6806645393371582,527,286,649,412,False,False
275,9.175833333333333,212,car,0.6577349305152893,463,199,556,278,False,False
275,9.175833333333333,158,car,0.3959037661552429,654,38,683,63,False,False
275,9.175833333333333,228,car,0.6863572597503662,654,121,700,161,False,False
275,9.175833333333333,236,car,0.6931732892990112,734,69,769,96,False,False
275,9.175833333333333,216,car,0.4010258913040161,675,70,708,96,False,False
276,9.209200000000001,117,car,0.7223771810531616,54,73,138,119,False,False
276,9.209200000000001,131,car,0.6210713982582092,232,55,286,90,False,False
276,9.209200000000001,139,car,0.5161580443382263,306,47,348,76,False,False
276,9.209200000000001,153,car,0.45585301518440247,376,48,410,71,False,False
276,9.209200000000001,192,car,0.7467240691184998,759,282,889,415,True,True
276,9.209200000000001,206,car,0.8003973960876465,854,143,920,201,False,False
276,9.209200000000001,207,car,0.8031337857246399,523,312,640,431,False,False
276,9.209200000000001,212,car,0.5461828112602234,451,205,550,289,False,False
276,9.209200000000001,158,car,0.4564494490623474,654,38,683,63,False,False
276,9.209200000000001,228,car,0.7622654438018799,653,124,700,164,False,False
276,9.209200000000001,236,car,0.7094842791557312,735,70,769,97,False,False
276,9.209200000000001,216,car,0.4626409113407135,674,69,708,96,False,False
277,9.242566666666667,117,car,0.720731258392334,55,73,138,118,False,False
277,9.242566666666667,131,car,0.6107110381126404,232,55,286,89,False,False
277,9.242566666666667,139,car,0.5089682936668396,307,47,347,75,False,False
277,9.242566666666667,153,car,0.4142794907093048,376,48,409,69,False,False
277,9.242566666666667,192,car,0.7694211006164551,761,296,899,439,True,True
277,9.242566666666667,206,car,0.7712523341178894,858,146,927,207,False,False
277,9.242566666666667,207,car,0.6735950708389282,508,318,640,453,False,False
277,9.242566666666667,212,car,0.591407060623169,441,212,542,299,False,False
277,9.242566666666667,158,car,0.48246148228645325,654,37,682,63,False,False
277,9.242566666666667,228,car,0.7340387105941772,650,126,700,169,False,False
277,9.242566666666667,236,car,0.7745187282562256,735,70,770,97,False,False
277,9.242566666666667,216,car,0.565623939037323,671,68,709,97,False,False
278,9.275933333333333,117,car,0.7174711227416992,55,73,138,118,False,False
278,9.275933333333333,131,car,0.5883907079696655,232,55,286,89,False,False
278,9.275933333333333,139,car,0.4745936095714569,307,47,348,74,False,False
278,9.275933333333333,153,car,0.3851262927055359,375,47,409,70,False,False
278,9.275933333333333,192,car,0.7898533940315247,764,311,911,466,True,True
278,9.275933333333333,206,car,0.706336498260498,863,151,934,213,False,False
278,9.275933333333333,207,car,0.6299590468406677,497,328,639,474,False,False
278,9.275933333333333,212,car,0.6424764394760132,429,220,534,309,False,False
278,9.275933333333333,158,car,0.44730350375175476,654,37,682,62,False,False
278,9.275933333333333,228,car,0.8317449688911438,647,127,700,172,False,False
278,9.275933333333333,236,car,0.7676488757133484,736,71,771,99,False,False
278,9.275933333333333,216,car,0.6035628914833069,670,67,708,97,False,False
279,9.3093,117,car,0.715251088142395,56,72,138,118,False,False
279,9.3093,131,car,0.5690159201622009,232,55,286,89,False,False
279,9.3093,139,car,0.4954187572002411,308,47,347,73,False,False
279,9.3093,153,car,0.40256819128990173,375,46,410,70,False,False
279,9.3093,192,car,0.8502113819122314,768,329,925,495,True,True
279,9.3093,206,car,0.797446608543396,867,155,942,220,False,False
279,9.3093,207,car,0.7406884431838989,483,342,635,500,False,False
279,9.3093,212,car,0.6977776885032654,416,227,527,321,False,False
279,9.3093,158,car,0.4532105326652527,654,37,681,62,False,False
279,9.3093,228,car,0.7857248783111572,645,129,699,175,False,False
279,9.3093,236,car,0.7726845145225525,736,72,772,100,False,False
279,9.3093,216,car,0.6044855713844299,670,69,706,98,False,False
280,9.342666666666666,117,car,0.6814737319946289,55,72,139,118,False,False
280,9.342666666666666,131,car,0.5407847762107849,231,55,286,89,False,False
280,9.342666666666666,139,car,0.5018355250358582,309,47,347,72,False,False
280,9.342666666666666,153,car,0.3869078457355499,374,46,410,69,False,False
280,9.342666666666666,192,car,0.7647043466567993,771,348,942,531,True,True
280,9.342666666666666,206,car,0.763576328754425,872,161,949,228,False,False
280,9.342666666666666,207,car,0.7916221022605896,470,359,632,529,False,False
280,9.342666666666666,212,car,0.5035756826400757,403,235,518,333,False,False
280,9.342666666666666,158,car,0.41527223587036133,653,36,681,62,False,False
280,9.342666666666666,228,car,0.7510308623313904,644,133,698,179,False,False
280,9.342666666666666,236,car,0.731417179107666,735,72,773,102,False,False
280,9.342666666666666,216,car,0.6473071575164795,669,70,705,98,False,False
280,9.342666666666666,259,car,0.37564533948898315,696,35,720,61,False,False
281,9.376033333333334,117,car,0.6597797274589539,56,72,138,117,False,False
281,9.376033333333334,131,car,0.5850695371627808,230,53,287,89,False,False
281,9.376033333333334,139,car,0.5120822191238403,309,46,347,72,False,False
281,9.376033333333334,153,car,0.3860851228237152,375,45,409,68,False,False
281,9.376033333333334,192,car,0.7493520379066467,774,371,960,572,True,True
281,9.376033333333334,206,car,0.7993151545524597,878,166,957,235,False,False
281,9.376033333333334,207,car,0.7421470880508423,454,378,627,562,False,False
281,9.376033333333334,212,car,0.5583946704864502,388,244,508,347,False,False
281,9.376033333333334,158,car,0.44910991191864014,653,36,681,61,False,False
281,9.376033333333334,228,car,0.7182620167732239,643,135,697,182,False,False
281,9.376033333333334,236,car,0.7040401101112366,735,72,774,103,False,False
281,9.376033333333334,216,car,0.6472392678260803,669,71,705,99,False,False
281,9.376033333333334,259,car,0.36610543727874756,696,35,719,61,False,False
282,9.4094,117,car,0.6439244747161865,56,72,137,116,False,False
282,9.4094,131,car,0.6058779954910278,231,53,287,89,False,False
282,9.4094,139,car,0.5154688358306885,308,46,347,72,False,False
282,9.4094,153,car,0.39674055576324463,374,45,409,68,False,False
282,9.4094,192,car,0.8558596968650818,776,396,981,621,True,True
282,9.4094,206,car,0.7865639925003052,881,170,966,243,False,False
282,9.4094,207,car,0.8745014667510986,437,398,624,598,False,False
282,9.4094,212,car,0.7570399641990662,371,253,498,362,False,False
282,9.4094,158,car,0.40239331126213074,653,35,681,61,False,False
282,9.4094,228,car,0.696803867816925,641,138,697,187,False,False
282,9.4094,236,car,0.5101178884506226,735,72,776,104,False,False
282,9.4094,216,car,0.6542616486549377,670,73,704,99,False,False
282,9.4094,259,car,0.34432506561279297,695,35,719,61,False,False
283,9.442766666666667,117,car,0.6502582430839539,57,71,137,115,False,False
283,9.442766666666667,131,car,0.6146734356880188,231,53,288,88,False,False
283,9.442766666666667,139,car,0.5251125693321228,308,46,347,72,False,False
283,9.442766666666667,153,car,0.36581480503082275,374,44,409,68,False,False
283,9.442766666666667,192,car,0.8804340362548828,781,426,1006,676,True,True
283,9.442766666666667,206,car,0.7268337607383728,887,175,973,251,False,False
283,9.442766666666667,207,car,0.8513824343681335,417,421,619,640,False,False
283,9.442766666666667,212,car,0.7511133551597595,353,263,486,376,False,False
283,9.442766666666667,158,car,0.4664812982082367,653,35,681,60,False,False
283,9.442766666666667,228,car,0.7414336800575256,640,142,695,191,False,False
283,9.442766666666667,236,car,0.6395562887191772,735,72,777,106,False,False
283,9.442766666666667,216,car,0.7234179377555847,669,73,705,100,False,False
283,9.442766666666667,259,car,0.4047451913356781,695,35,718,61,False,False
284,9.476133333333333,117,car,0.6685045957565308,55,69,139,116,False,False
284,9.476133333333333,131,car,0.6240458488464355,232,52,288,88,False,False
284,9.476133333333333,139,car,0.5364453196525574,308,46,347,71,False,False
284,9.476133333333333,153,car,0.35211023688316345,374,43,410,68,False,False
284,9.476133333333333,192,car,0.8680965304374695,799,461,1022,707,True,True
284,9.476133333333333,206,car,0.6881464719772339,894,182,984,261,False,False
284,9.476133333333333,207,car,0.7908754348754883,393,446,613,688,False,False
284,9.476133333333333,212,car,0.705302357673645,334,275,474,395,True,True
284,9.476133333333333,158,car,0.4680929183959961,654,35,681,60,False,False
284,9.476133333333333,228,car,0.7606945037841797,639,145,694,195,False,False
284,9.476133333333333,236,car,0.5014709830284119,733,72,778,108,False,False
284,9.476133333333333,216,car,0.6705211997032166,669,75,705,101,False,False
284,9.476133333333333,259,car,0.45994648337364197,695,36,718,61,False,False
285,9.509500000000001,117,car,0.6720886826515198,55,69,140,116,False,False
285,9.509500000000001,131,car,0.6477794647216797,232,52,288,87,False,False
285,9.509500000000001,139,car,0.5376573801040649,308,45,347,71,False,False
285,9.509500000000001,153,car,0.35232657194137573,373,43,410,67,False,False
285,9.509500000000001,192,car,0.7267454862594604,824,500,1028,719,True,True
285,9.509500000000001,206,car,0.7214626669883728,900,191,995,274,False,False
285,9.509500000000001,207,car,0.7249053120613098,379,476,596,714,True,True
285,9.509500000000001,212,car,0.7430773377418518,312,286,461,414,True,True
285,9.509500000000001,158,car,0.4831831157207489,655,35,681,59,False,False
285,9.509500000000001,228,car,0.8015398383140564,637,148,694,199,False,False
285,9.509500000000001,236,car,0.5267321467399597,736,74,779,110,False,False
285,9.509500000000001,216,car,0.7412965893745422,668,74,705,103,False,False
285,9.509500000000001,259,car,0.47965073585510254,696,37,718,61,False,False
285,9.509500000000001,264,car,0.47210201621055603,664,64,705,102,False,False
286,9.542866666666667,117,car,0.6755066514015198,57,69,138,114,False,False
286,9.542866666666667,131,car,0.6417320370674133,232,51,288,87,False,False
286,9.542866666666667,139,car,0.5278971791267395,308,45,346,70,False,False
286,9.542866666666667,153,car,0.38369500637054443,373,43,410,67,False,False
286,9.542866666666667,192,car,0.6566795110702515,850,551,1020,720,True,True
286,9.542866666666667,206,car,0.5809838771820068,906,197,1007,285,False,False
286,9.542866666666667,207,car,0.7819699645042419,372,510,571,720,True,True
286,9.542866666666667,212,car,0.7881358861923218,290,299,448,435,True,True
286,9.542866666666667,158,car,0.5046164393424988,655,35,681,59,False,False
286,9.542866666666667,228,car,0.8464138507843018,635,152,693,204,False,False
286,9.542866666666667,236,car,0.6498023867607117,738,77,780,111,False,False
286,9.542866666666667,216,car,0.6735309362411499,669,78,704,104,False,False
286,9.542866666666667,259,car,0.5516259670257568,695,37,718,61,False,False
286,9.542866666666667,264,car,0.42135342955589294,662,63,705,103,False,False
287,9.576233333333333,117,car,0.6727290749549866,57,69,137,113,False,False
287,9.576233333333333,131,car,0.6329826712608337,232,51,288,87,False,False
287,9.576233333333333,139,car,0.5345013737678528,308,45,346,70,False,False
287,9.576233333333333,153,car,0.37132713198661804,373,42,410,67,False,False
287,9.576233333333333,206,car,0.7125576734542847,917,205,1019,295,False,False
287,9.576233333333333,207,car,0.4505472779273987,376,552,548,720,True,True
287,9.576233333333333,212,car,0.7816022038459778,264,314,432,458,True,True
287,9.576233333333333,158,car,0.5103740096092224,656,35,682,58,False,False
287,9.576233333333333,228,car,0.8784366846084595,631,156,691,211,False,False
287,9.576233333333333,236,car,0.6395978927612305,740,80,780,113,False,False
287,9.576233333333333,216,car,0.7351071834564209,668,78,704,104,False,False
287,9.576233333333333,259,car,0.601800262928009,693,36,718,62,False,False
287,9.576233333333333,264,car,0.40920478105545044,661,63,704,104,False,False
287,9.576233333333333,267,car,0.40017715096473694,663,71,708,107,False,False
288,9.6096,117,car,0.6827778816223145,57,69,136,113,False,False
288,9.6096,131,car,0.621188223361969,232,50,288,87,False,False
288,9.6096,139,car,0.5306107997894287,308,44,346,70,False,False
288,9.6096,153,car,0.3700641095638275,374,41,410,65,False,False
288,9.6096,206,car,0.7001631259918213,923,211,1033,308,False,False
288,9.6096,212,car,0.8680492043495178,235,329,415,483,True,True
288,9.6096,158,car,0.48601460456848145,657,35,682,57,False,False
288,9.6096,228,car,0.847825288772583,628,160,689,216,False,False
288,9.6096,236,car,0.6996963620185852,740,81,781,114,False,False
288,9.6096,216,car,0.708194375038147,667,80,703,106,False,False
288,9.6096,259,car,0.5973415970802307,693,35,718,61,False,False
288,9.6096,264,car,0.3404170274734497,661,64,704,104,False,False
288,9.6096,267,car,0.34086138010025024,663,73,707,108,False,False
289,9.642966666666666,117,car,0.6904705166816711,57,69,136,112,False,False
289,9.642966666666666,131,car,0.6249303817749023,231,50,288,86,False,False
289,9.642966666666666,139,car,0.5313135981559753,308,44,347,69,False,False
289,9.642966666666666,153,car,0.38629621267318726,374,41,409,65,False,False
289,9.642966666666666,206,car,0.5743926763534546,932,220,1050,324,False,False
289,9.642966666666666,212,car,0.8988091945648193,203,346,398,513,True,True
289,9.642966666666666,158,car,0.47960224747657776,657,34,682,56,False,False
289,9.642966666666666,228,car,0.7972205877304077,627,165,688,222,False,False
289,9.642966666666666,236,car,0.7953161001205444,740,81,783,117,False,False
289,9.642966666666666,259,car,0.6502794027328491,692,34,718,62,False,False
289,9.642966666666666,264,car,0.35688284039497375,659,64,704,106,False,False
289,9.642966666666666,267,car,0.7301746010780334,663,78,702,109,False,False
289,9.642966666666666,273,car,0.3271678686141968,774,46,802,68,False,False
290,9.676333333333334,117,car,0.697381854057312,56,68,136,112,False,False
290,9.676333333333334,131,car,0.6289485096931458,232,50,288,86,False,False
290,9.676333333333334,139,car,0.5206076502799988,308,43,347,69,False,False
290,9.676333333333334,153,car,0.4070641100406647,375,40,410,64,False,False
290,9.676333333333334,206,car,0.6597617268562317,942,231,1065,340,False,False
290,9.676333333333334,212,car,0.9031224846839905,167,366,377,547,True,True
290,9.676333333333334,158,car,0.47639110684394836,657,34,682,56,False,False
290,9.676333333333334,228,car,0.829327404499054,624,169,688,228,False,False
290,9.676333333333334,236,car,0.8355582356452942,741,83,783,119,False,False
290,9.676333333333334,259,car,0.6981368660926819,691,34,718,62,False,False
290,9.676333333333334,264,car,0.3295961916446686,657,62,705,107,False,False
290,9.676333333333334,267,car,0.776542603969574,663,79,702,110,False,False
290,9.676333333333334,273,car,0.273596853017807,774,46,803,67,False,False
290,9.676333333333334,276,car,0.33463191986083984,766,30,786,56,False,False
291,9.7097,117,car,0.7149203419685364,56,68,137,112,False,False
291,9.7097,131,car,0.6660615801811218,232,50,288,86,False,False
291,9.7097,139,car,0.5324724912643433,308,43,347,69,False,False
291,9.7097,153,car,0.4241410791873932,375,40,410,63,False,False
291,9.7097,206,car,0.7361069917678833,953,242,1082,356,False,False
291,9.7097,212,car,0.9071879386901855,125,388,356,587,True,True
291,9.7097,158,car,0.39621061086654663,657,34,682,55,False,False
291,9.7097,228,car,0.8262102007865906,621,174,687,235,False,False
291,9.7097,236,car,0.7683210968971252,741,85,783,121,False,False
291,9.7097,259,car,0.6808063983917236,690,34,718,62,False,False
291,9.7097,267,car,0.7306588888168335,664,82,701,111,False,False
291,9.7097,273,car,0.29770466685295105,774,46,803,68,False,False
291,9.7097,276,car,0.33142223954200745,768,32,785,56,False,False
292,9.743066666666667,117,car,0.7189742922782898,56,68,137,112,False,False
292,9.743066666666667,131,car,0.660949170589447,232,49,288,86,False,False
292,9.743066666666667,139,car,0.5276455283164978,308,42,347,68,False,False
292,9.743066666666667,153,car,0.39930304884910583,375,40,410,63,False,False
292,9.743066666666667,206,car,0.493762731552124,964,254,1103,378,False,False
292,9.743066666666667,212,car,0.9071028828620911,79,413,329,628,True,True
292,9.743066666666667,158,car,0.28702136874198914,656,34,682,56,False,False
292,9.743066666666667,228,car,0.8036907911300659,618,179,686,242,False,False
292,9.743066666666667,236,car,0.7800240516662598,742,88,784,124,False,False
292,9.743066666666667,259,car,0.6731247901916504,690,34,718,62,False,False
292,9.743066666666667,267,car,0.6899312138557434,664,84,700,112,False,False
292,9.743066666666667,273,car,0.42651402950286865,775,47,803,68,False,False
292,9.743066666666667,276,car,0.3263191878795624,767,32,784,56,False,False
293,9.776433333333333,117,car,0.7068700790405273,56,68,137,112,False,False
293,9.776433333333333,131,car,0.6834372282028198,232,49,288,86,False,False
293,9.776433333333333,139,car,0.5189818143844604,308,42,347,68,False,False
293,9.776433333333333,153,car,0.41052690148353577,375,40,409,62,False,False
293,9.776433333333333,206,car,0.6558495163917542,978,270,1124,400,True,True
293,9.776433333333333,212,car,0.9228420257568359,24,441,300,679,True,True
293,9.776433333333333,158,car,0.29554110765457153,655,33,682,55,False,False
293,9.776433333333333,228,car,0.7646828889846802,616,185,685,249,False,False
293,9.776433333333333,236,car,0.850995659828186,741,89,785,126,False,False
293,9.776433333333333,259,car,0.666734516620636,690,34,718,62,False,False
293,9.776433333333333,267,car,0.7491059899330139,663,85,699,113,False,False
293,9.776433333333333,273,car,0.5040801167488098,776,49,803,69,False,False
293,9.776433333333333,276,car,0.34128811955451965,766,31,784,55,False,False
294,9.809800000000001,117,car,0.6954267621040344,56,68,137,112,False,False
294,9.809800000000001,131,car,0.6881397366523743,232,49,288,86,False,False
294,9.809800000000001,139,car,0.5076204538345337,308,42,347,68,False,False
294,9.809800000000001,153,car,0.40787187218666077,375,40,410,62,False,False
294,9.809800000000001,206,car,0.648384690284729,992,283,1152,427,True,True
294,9.809800000000001,212,car,0.8845738172531128,0,472,270,709,True,True
294,9.809800000000001,228,car,0.8657472729682922,612,191,684,258,False,False
294,9.809800000000001,236,car,0.8399250507354736,742,90,786,128,False,False
294,9.809800000000001,259,car,0.6664910316467285,690,34,718,62,False,False
294,9.809800000000001,267,car,0.7883098721504211,662,86,699,114,False,False
294,9.809800000000001,273,car,0.5185244679450989,776,50,803,70,False,False
294,9.809800000000001,276,car,0.35040298104286194,767,31,784,55,False,False
295,9.843166666666667,117,car,0.6908594965934753,55,68,137,112,False,False
295,9.843166666666667,131,car,0.6853465437889099,232,49,287,86,False,False
295,9.843166666666667,139,car,0.5039523243904114,308,42,347,68,False,False
295,9.843166666666667,153,car,0.43165087699890137,375,39,409,62,False,False
295,9.843166666666667,206,car,0.6936554312705994,1008,301,1181,457,True,True
295,9.843166666666667,212,car,0.8534334301948547,0,510,232,720,True,True
295,9.843166666666667,228,car,0.788013756275177,608,197,683,266,False,False
295,9.843166666666667,236,car,0.8399282097816467,742,92,787,131,False,False
295,9.843166666666667,259,car,0.649192750453949,690,34,718,62,False,False
295,9.843166666666667,267,car,0.8191065192222595,661,87,699,116,False,False
295,9.843166666666667,273,car,0.5604223608970642,777,50,804,70,False,False
295,9.843166666666667,276,car,0.344117671251297,767,29,785,54,False,False
295,9.843166666666667,158,car,0.2581360638141632,654,31,682,55,False,False
296,9.876533333333333,117,car,0.7061358094215393,55,68,136,112,False,False
296,9.876533333333333,131,car,0.6843401193618774,232,49,287,85,False,False
296,9.876533333333333,139,car,0.5137277841567993,308,41,348,68,False,False
296,9.876533333333333,153,car,0.44322529435157776,375,39,409,62,False,False
296,9.876533333333333,206,car,0.7956834435462952,1026,320,1214,489,True,True
296,9.876533333333333,212,car,0.5081403851509094,0,555,183,720,True,True
296,9.876533333333333,228,car,0.8336406350135803,605,203,682,275,False,False
296,9.876533333333333,236,car,0.885768711566925,743,94,789,134,False,False
296,9.876533333333333,259,car,0.6310675740242004,690,34,718,62,False,False
296,9.876533333333333,267,car,0.7994527220726013,659,87,700,118,False,False
296,9.876533333333333,273,car,0.5320321917533875,778,50,806,71,False,False
296,9.876533333333333,276,car,0.37056294083595276,766,28,786,54,False,False
296,9.876533333333333,158,car,0.29809024930000305,654,31,682,55,False,False
297,9.9099,117,car,0.7255973815917969,55,68,136,112,False,False
297,9.9099,131,car,0.6826666593551636,232,48,287,85,False,False
297,9.9099,139,car,0.5194603800773621,306,40,348,69,False,False
297,9.9099,153,car,0.46918171644210815,376,39,409,61,False,False
297,9.9099,206,car,0.7957156896591187,1048,342,1253,527,True,True
297,9.9099,228,car,0.7169173359870911,601,209,681,285,False,False
297,9.9099,236,car,0.8857938051223755,743,96,790,137,False,False
297,9.9099,259,car,0.5756984353065491,690,35,718,62,False,False
297,9.9099,267,car,0.7990735769271851,657,87,700,120,False,False
297,9.9099,273,car,0.4125296175479889,779,51,807,72,False,False
297,9.9099,276,car,0.3642486333847046,765,27,787,55,False,False
297,9.9099,281,car,0.3784025013446808,646,60,678,88,False,False
298,9.943266666666666,117,car,0.7221101522445679,55,68,136,112,False,False
298,9.943266666666666,131,car,0.6698297262191772,232,48,287,85,False,False
298,9.943266666666666,139,car,0.5365367531776428,305,40,348,69,False,False
298,9.943266666666666,153,car,0.45529529452323914,376,39,409,61,False,False
298,9.943266666666666,206,car,0.8296577334403992,1063,370,1280,570,True,True
298,9.943266666666666,228,car,0.8268147706985474,597,218,679,296,False,False
298,9.943266666666666,236,car,0.8489235043525696,743,99,790,140,False,False
298,9.943266666666666,259,car,0.509037435054779,690,35,718,63,False,False
298,9.943266666666666,267,car,0.80318284034729,655,88,701,122,False,False
298,9.943266666666666,273,car,0.5605056285858154,779,52,808,73,False,False
298,9.943266666666666,281,car,0.41700318455696106,646,61,676,88,False,False
298,9.943266666666666,158,car,0.3161561191082001,653,30,681,54,False,False
299,9.976633333333334,117,car,0.7444751262664795,55,68,136,112,False,False
299,9.976633333333334,131,car,0.6762120723724365,232,48,287,85,False,False
299,9.976633333333334,139,car,0.5274154543876648,305,40,348,69,False,False
299,9.976633333333334,153,car,0.4335833489894867,376,39,409,61,False,False
299,9.976633333333334,206,car,0.7773114442825317,1070,398,1280,626,True,True
299,9.976633333333334,228,car,0.7537088990211487,593,227,676,306,False,False
299,9.976633333333334,236,car,0.8301453590393066,743,103,791,145,False,False
299,9.976633333333334,259,car,0.4576569199562073,688,34,717,63,False,False
299,9.976633333333334,267,car,0.7070196866989136,655,90,700,125,False,False
299,9.976633333333334,273,car,0.5720019936561584,779,53,809,75,False,False
299,9.976633333333334,281,car,0.4337620735168457,643,61,676,89,False,False
299,9.976633333333334,158,car,0.3401636481285095,653,30,681,54,False,False
300,10.01,117,car,0.7536662220954895,55,68,136,112,False,False
300,10.01,131,car,0.6762264966964722,232,48,287,85,False,False
300,10.01,139,car,0.5251362919807434,305,40,348,69,False,False
300,10.01,153,car,0.4520067870616913,376,39,409,61,False,False
300,10.01,206,car,0.7337989807128906,1080,430,1280,686,True,True
300,10.01,228,car,0.8443455696105957,588,235,676,319,False,False
300,10.01,236,car,0.8077918291091919,743,104,793,148,False,False
300,10.01,259,car,0.598242998123169,687,34,717,64,False,False
300,10.01,267,car,0.6851866841316223,654,92,700,126,False,False
300,10.01,273,car,0.5339064002037048,779,53,810,76,False,False
300,10.01,281,car,0.5065866708755493,641,61,675,90,False,False
300,10.01,158,car,0.36031854152679443,653,30,680,54,False,False
301,10.043366666666667,117,car,0.7525069117546082,54,68,136,112,False,False
301,10.043366666666667,131,car,0.6700616478919983,232,48,287,85,False,False
301,10.043366666666667,139,car,0.5299299359321594,305,40,348,69,False,False
301,10.043366666666667,153,car,0.47310975193977356,376,39,410,61,False,False
301,10.043366666666667,206,car,0.7764705419540405,1115,471,1280,710,True,True
301,10.043366666666667,228,car,0.7958056330680847,584,245,675,332,False,False
301,10.043366666666667,236,car,0.773552417755127,743,107,795,152,False,False
301,10.043366666666667,259,car,0.6535009145736694,685,34,717,64,False,False
301,10.043366666666667,267,car,0.7268459796905518,653,93,699,128,False,False
301,10.043366666666667,273,car,0.5195136666297913,780,53,811,76,False,False
301,10.043366666666667,281,car,0.5602458715438843,640,61,674,91,False,False
301,10.043366666666667,158,car,0.3393430709838867,652,30,680,54,False,False
